/*delete from USERS_ROLES;
delete from USUARIOS;
delete from ROL;
delete from MUNICIPIOS;
delete from DEPARTAMENTOS;
delete from ESTABLECIMIENTOS;
delete from COMERCIANTES;
insert into ROL(ID, NOMBRE_ROL) values(1,'Admin');
insert into ROL (ID, NOMBRE_ROL) values(2,'AuxRegistro');
insert into USUARIOS (IDU, EMAIL, PASSWORD)   values(1, 'pepito@gmail.com', '$2a$10$ooGPmDD.YwDzHETTleyoOuESrqx/HdvjjMJX6d.lFL6NQvRPcfJ8O');
insert into USERS_ROLES (USER_IDU, ROLE_ID) values (1, 1);
insert into USERS_ROLES (USER_IDU, ROLE_ID) values (1, 2);
INSERT INTO DEPARTAMENTOS (DEPARTAMENTO_ID, NOMBRE_DEPARTAMENTO) VALUES (5,'ANTIOQUIA');
INSERT INTO DEPARTAMENTOS (DEPARTAMENTO_ID, NOMBRE_DEPARTAMENTO) VALUES 	(8,'ATLÁNTICO');
INSERT INTO DEPARTAMENTOS (DEPARTAMENTO_ID, NOMBRE_DEPARTAMENTO) VALUES 	(11,'BOGOTÁ, D.C.');
INSERT INTO DEPARTAMENTOS (DEPARTAMENTO_ID, NOMBRE_DEPARTAMENTO) VALUES 	(13,'BOLÍVAR');
INSERT INTO DEPARTAMENTOS (DEPARTAMENTO_ID, NOMBRE_DEPARTAMENTO) VALUES 	(15,'BOYACÁ');
INSERT INTO DEPARTAMENTOS (DEPARTAMENTO_ID, NOMBRE_DEPARTAMENTO) VALUES 	(17,'CALDAS');
INSERT INTO DEPARTAMENTOS (DEPARTAMENTO_ID, NOMBRE_DEPARTAMENTO) VALUES 	(18,'CAQUETÁ');
INSERT INTO DEPARTAMENTOS (DEPARTAMENTO_ID, NOMBRE_DEPARTAMENTO) VALUES 	(19,'CAUCA');
INSERT INTO DEPARTAMENTOS (DEPARTAMENTO_ID, NOMBRE_DEPARTAMENTO) VALUES 	(20,'CESAR');
INSERT INTO DEPARTAMENTOS (DEPARTAMENTO_ID, NOMBRE_DEPARTAMENTO) VALUES 	(23,'CÓRDOBA');
INSERT INTO DEPARTAMENTOS (DEPARTAMENTO_ID, NOMBRE_DEPARTAMENTO) VALUES 	(25,'CUNDINAMARCA');
INSERT INTO DEPARTAMENTOS (DEPARTAMENTO_ID, NOMBRE_DEPARTAMENTO) VALUES 	(27,'CHOCÓ');
INSERT INTO DEPARTAMENTOS (DEPARTAMENTO_ID, NOMBRE_DEPARTAMENTO) VALUES 	(41,'HUILA');
INSERT INTO DEPARTAMENTOS (DEPARTAMENTO_ID, NOMBRE_DEPARTAMENTO) VALUES 	(44,'LA GUAJIRA');
INSERT INTO DEPARTAMENTOS (DEPARTAMENTO_ID, NOMBRE_DEPARTAMENTO) VALUES 	(47,'MAGDALENA');
INSERT INTO DEPARTAMENTOS (DEPARTAMENTO_ID, NOMBRE_DEPARTAMENTO) VALUES 	(50,'META');
INSERT INTO DEPARTAMENTOS (DEPARTAMENTO_ID, NOMBRE_DEPARTAMENTO) VALUES 	(52,'NARIÑO');
INSERT INTO DEPARTAMENTOS (DEPARTAMENTO_ID, NOMBRE_DEPARTAMENTO) VALUES 	(54,'NORTE DE SANTANDER');
INSERT INTO DEPARTAMENTOS (DEPARTAMENTO_ID, NOMBRE_DEPARTAMENTO) VALUES 	(63,'QUINDIO');
INSERT INTO DEPARTAMENTOS (DEPARTAMENTO_ID, NOMBRE_DEPARTAMENTO) VALUES 	(66,'RISARALDA');
INSERT INTO DEPARTAMENTOS (DEPARTAMENTO_ID, NOMBRE_DEPARTAMENTO) VALUES 	(68,'SANTANDER');
INSERT INTO DEPARTAMENTOS (DEPARTAMENTO_ID, NOMBRE_DEPARTAMENTO) VALUES 	(70,'SUCRE');
INSERT INTO DEPARTAMENTOS (DEPARTAMENTO_ID, NOMBRE_DEPARTAMENTO) VALUES 	(73,'TOLIMA');
INSERT INTO DEPARTAMENTOS (DEPARTAMENTO_ID, NOMBRE_DEPARTAMENTO) VALUES 	(76,'VALLE DEL CAUCA');
INSERT INTO DEPARTAMENTOS (DEPARTAMENTO_ID, NOMBRE_DEPARTAMENTO) VALUES 	(81,'ARAUCA');
INSERT INTO DEPARTAMENTOS (DEPARTAMENTO_ID, NOMBRE_DEPARTAMENTO) VALUES 	(85,'CASANARE');
INSERT INTO DEPARTAMENTOS (DEPARTAMENTO_ID, NOMBRE_DEPARTAMENTO) VALUES 	(86,'PUTUMAYO');
INSERT INTO DEPARTAMENTOS (DEPARTAMENTO_ID, NOMBRE_DEPARTAMENTO) VALUES 	(88,'ARCHIPIÉLAGO DE SAN ANDRÉS, PROVIDENCIA Y SANTA CATALINA');
INSERT INTO DEPARTAMENTOS (DEPARTAMENTO_ID, NOMBRE_DEPARTAMENTO) VALUES 	(91,'AMAZONAS');
INSERT INTO DEPARTAMENTOS (DEPARTAMENTO_ID, NOMBRE_DEPARTAMENTO) VALUES 	(94,'GUAINÍA');
INSERT INTO DEPARTAMENTOS (DEPARTAMENTO_ID, NOMBRE_DEPARTAMENTO) VALUES 	(95,'GUAVIARE');
INSERT INTO DEPARTAMENTOS (DEPARTAMENTO_ID, NOMBRE_DEPARTAMENTO) VALUES 	(97,'VAUPÉS');
INSERT INTO DEPARTAMENTOS (DEPARTAMENTO_ID, NOMBRE_DEPARTAMENTO) VALUES 	(99,'VICHADA');
INSERT INTO MUNICIPIOS (ID_MUNICIPIO, NOMBRE_MUNICIPIO, ESTADO, DEPARTAMENTO_ID) VALUES (1,'Abriaquí',1,5); 
INSERT INTO MUNICIPIOS (ID_MUNICIPIO, NOMBRE_MUNICIPIO, ESTADO, DEPARTAMENTO_ID) values (2,'Acacías',1,50);
INSERT INTO MUNICIPIOS (ID_MUNICIPIO, NOMBRE_MUNICIPIO, ESTADO, DEPARTAMENTO_ID) values(3,'Acandí',1,27);
INSERT INTO MUNICIPIOS (ID_MUNICIPIO, NOMBRE_MUNICIPIO, ESTADO, DEPARTAMENTO_ID) values(4,'Acevedo',1,41);
INSERT INTO MUNICIPIOS (ID_MUNICIPIO, NOMBRE_MUNICIPIO, ESTADO, DEPARTAMENTO_ID) values(5,'Achí',1,13);
INSERT INTO MUNICIPIOS (ID_MUNICIPIO, NOMBRE_MUNICIPIO, ESTADO, DEPARTAMENTO_ID) values(6,'Agrado',1,41);
INSERT INTO MUNICIPIOS (ID_MUNICIPIO, NOMBRE_MUNICIPIO, ESTADO, DEPARTAMENTO_ID) values(7,'Agua de Dios',1,25);
INSERT INTO MUNICIPIOS (ID_MUNICIPIO, NOMBRE_MUNICIPIO, ESTADO, DEPARTAMENTO_ID) values(8,'Aguachica',1,20);
INSERT INTO MUNICIPIOS (ID_MUNICIPIO, NOMBRE_MUNICIPIO, ESTADO, DEPARTAMENTO_ID) values(9,'Aguada',1,68);
INSERT INTO MUNICIPIOS (ID_MUNICIPIO, NOMBRE_MUNICIPIO, ESTADO, DEPARTAMENTO_ID) values(10,'Aguadas',1,17);
INSERT INTO MUNICIPIOS (ID_MUNICIPIO, NOMBRE_MUNICIPIO, ESTADO, DEPARTAMENTO_ID) values(11,'Aguazul',1,85);
INSERT INTO MUNICIPIOS (ID_MUNICIPIO, NOMBRE_MUNICIPIO, ESTADO, DEPARTAMENTO_ID) values(12,'Agustín Codazzi',1,20);
INSERT INTO MUNICIPIOS (ID_MUNICIPIO, NOMBRE_MUNICIPIO, ESTADO, DEPARTAMENTO_ID) values(13,'Aipe',1,41);
INSERT INTO MUNICIPIOS (ID_MUNICIPIO, NOMBRE_MUNICIPIO, ESTADO, DEPARTAMENTO_ID) values(18,'Albán (San José)',1,52);
INSERT INTO MUNICIPIOS (ID_MUNICIPIO, NOMBRE_MUNICIPIO, ESTADO, DEPARTAMENTO_ID) values(27,'Alto Baudó (Pie de Pato)',1,27);
INSERT INTO MUNICIPIOS (ID_MUNICIPIO, NOMBRE_MUNICIPIO, ESTADO, DEPARTAMENTO_ID) values(28,'Altos del Rosario',1,13);
INSERT INTO MUNICIPIOS (ID_MUNICIPIO, NOMBRE_MUNICIPIO, ESTADO, DEPARTAMENTO_ID) values(29,'Alvarado',1,73);
INSERT INTO MUNICIPIOS (ID_MUNICIPIO, NOMBRE_MUNICIPIO, ESTADO, DEPARTAMENTO_ID) values(30,'Amagá',1,5);
INSERT INTO MUNICIPIOS (ID_MUNICIPIO, NOMBRE_MUNICIPIO, ESTADO, DEPARTAMENTO_ID) values(31,'Amalfi',1,5);
INSERT INTO MUNICIPIOS (ID_MUNICIPIO, NOMBRE_MUNICIPIO, ESTADO, DEPARTAMENTO_ID) values(32,'Ambalema',1,73);
INSERT INTO MUNICIPIOS (ID_MUNICIPIO, NOMBRE_MUNICIPIO, ESTADO, DEPARTAMENTO_ID) values(33,'Anapoima',1,25);
INSERT INTO MUNICIPIOS (ID_MUNICIPIO, NOMBRE_MUNICIPIO, ESTADO, DEPARTAMENTO_ID) values(34,'Ancuya',1,52);
INSERT INTO MUNICIPIOS (ID_MUNICIPIO, NOMBRE_MUNICIPIO, ESTADO, DEPARTAMENTO_ID) values(35,'Andalucía',1,76);
INSERT INTO MUNICIPIOS (ID_MUNICIPIO, NOMBRE_MUNICIPIO, ESTADO, DEPARTAMENTO_ID) values(36,'Andes',1,5);
INSERT INTO MUNICIPIOS (ID_MUNICIPIO, NOMBRE_MUNICIPIO, ESTADO, DEPARTAMENTO_ID) values(37,'Angelópolis',1,5);
INSERT INTO MUNICIPIOS (ID_MUNICIPIO, NOMBRE_MUNICIPIO, ESTADO, DEPARTAMENTO_ID) values(38,'Angostura',1,5);
INSERT INTO MUNICIPIOS (ID_MUNICIPIO, NOMBRE_MUNICIPIO, ESTADO, DEPARTAMENTO_ID) values(39,'Anolaima',1,25);
INSERT INTO MUNICIPIOS (ID_MUNICIPIO, NOMBRE_MUNICIPIO, ESTADO, DEPARTAMENTO_ID) values(40,'Anorí',1,5);
INSERT INTO MUNICIPIOS (ID_MUNICIPIO, NOMBRE_MUNICIPIO, ESTADO, DEPARTAMENTO_ID) values(41,'Anserma',1,17);
INSERT INTO MUNICIPIOS (ID_MUNICIPIO, NOMBRE_MUNICIPIO, ESTADO, DEPARTAMENTO_ID) values(42,'Ansermanuevo',1,76);
INSERT INTO MUNICIPIOS (ID_MUNICIPIO, NOMBRE_MUNICIPIO, ESTADO, DEPARTAMENTO_ID) values(43,'Anzoátegui',1,73);
INSERT INTO MUNICIPIOS (ID_MUNICIPIO, NOMBRE_MUNICIPIO, ESTADO, DEPARTAMENTO_ID) values(44,'Anzá',1,5);
INSERT INTO MUNICIPIOS (ID_MUNICIPIO, NOMBRE_MUNICIPIO, ESTADO, DEPARTAMENTO_ID) values(45,'Apartadó',1,5);
INSERT INTO MUNICIPIOS (ID_MUNICIPIO, NOMBRE_MUNICIPIO, ESTADO, DEPARTAMENTO_ID) values(46,'Apulo',1,25);
INSERT INTO MUNICIPIOS (ID_MUNICIPIO, NOMBRE_MUNICIPIO, ESTADO, DEPARTAMENTO_ID) values(47,'Apía',1,66);
INSERT INTO MUNICIPIOS (ID_MUNICIPIO, NOMBRE_MUNICIPIO, ESTADO, DEPARTAMENTO_ID) values(48,'Aquitania',1,15);
INSERT INTO MUNICIPIOS (ID_MUNICIPIO, NOMBRE_MUNICIPIO, ESTADO, DEPARTAMENTO_ID) values(49,'Aracataca',1,47);
INSERT INTO MUNICIPIOS (ID_MUNICIPIO, NOMBRE_MUNICIPIO, ESTADO, DEPARTAMENTO_ID) values(50,'Aranzazu',1,17);
INSERT INTO MUNICIPIOS (ID_MUNICIPIO, NOMBRE_MUNICIPIO, ESTADO, DEPARTAMENTO_ID) values(51,'Aratoca',1,68);
INSERT INTO MUNICIPIOS (ID_MUNICIPIO, NOMBRE_MUNICIPIO, ESTADO, DEPARTAMENTO_ID) values(52,'Arauca',1,81);
INSERT INTO MUNICIPIOS (ID_MUNICIPIO, NOMBRE_MUNICIPIO, ESTADO, DEPARTAMENTO_ID) values(53,'Arauquita',1,81);
INSERT INTO MUNICIPIOS (ID_MUNICIPIO, NOMBRE_MUNICIPIO, ESTADO, DEPARTAMENTO_ID) values(54,'Arbeláez',1,25);
INSERT INTO MUNICIPIOS (ID_MUNICIPIO, NOMBRE_MUNICIPIO, ESTADO, DEPARTAMENTO_ID) values(55,'Arboleda (Berruecos)',1,52);
INSERT INTO MUNICIPIOS (ID_MUNICIPIO, NOMBRE_MUNICIPIO, ESTADO, DEPARTAMENTO_ID) values(56,'Arboledas',1,54);
INSERT INTO MUNICIPIOS (ID_MUNICIPIO, NOMBRE_MUNICIPIO, ESTADO, DEPARTAMENTO_ID) values(57,'Arboletes',1,5);
INSERT INTO MUNICIPIOS (ID_MUNICIPIO, NOMBRE_MUNICIPIO, ESTADO, DEPARTAMENTO_ID) values(58,'Arcabuco',1,15);
INSERT INTO MUNICIPIOS (ID_MUNICIPIO, NOMBRE_MUNICIPIO, ESTADO, DEPARTAMENTO_ID) values(59,'Arenal',1,13);
INSERT INTO MUNICIPIOS (ID_MUNICIPIO, NOMBRE_MUNICIPIO, ESTADO, DEPARTAMENTO_ID) values(60,'Argelia',1,5);
INSERT INTO MUNICIPIOS (ID_MUNICIPIO, NOMBRE_MUNICIPIO, ESTADO, DEPARTAMENTO_ID) values(61,'Argelia',1,19);
INSERT INTO MUNICIPIOS (ID_MUNICIPIO, NOMBRE_MUNICIPIO, ESTADO, DEPARTAMENTO_ID) values(62,'Argelia',1,76);
INSERT INTO MUNICIPIOS (ID_MUNICIPIO, NOMBRE_MUNICIPIO, ESTADO, DEPARTAMENTO_ID) values(63,'Ariguaní (El Difícil)',1,47);
INSERT INTO MUNICIPIOS (ID_MUNICIPIO, NOMBRE_MUNICIPIO, ESTADO, DEPARTAMENTO_ID) values(64,'Arjona',1,13);
INSERT INTO MUNICIPIOS (ID_MUNICIPIO, NOMBRE_MUNICIPIO, ESTADO, DEPARTAMENTO_ID) values(65,'Armenia',1,5);
INSERT INTO MUNICIPIOS (ID_MUNICIPIO, NOMBRE_MUNICIPIO, ESTADO, DEPARTAMENTO_ID) values(66,'Armenia',1,63);
INSERT INTO MUNICIPIOS (ID_MUNICIPIO, NOMBRE_MUNICIPIO, ESTADO, DEPARTAMENTO_ID) values(67,'Armero (Guayabal)',1,73);
INSERT INTO MUNICIPIOS (ID_MUNICIPIO, NOMBRE_MUNICIPIO, ESTADO, DEPARTAMENTO_ID) values(68,'Arroyohondo',1,13);
INSERT INTO MUNICIPIOS (ID_MUNICIPIO, NOMBRE_MUNICIPIO, ESTADO, DEPARTAMENTO_ID) values(69,'Astrea',1,20);
INSERT INTO MUNICIPIOS (ID_MUNICIPIO, NOMBRE_MUNICIPIO, ESTADO, DEPARTAMENTO_ID) values(70,'Ataco',1,73);
INSERT INTO MUNICIPIOS (ID_MUNICIPIO, NOMBRE_MUNICIPIO, ESTADO, DEPARTAMENTO_ID) values(71,'Atrato (Yuto)',1,27);
INSERT INTO MUNICIPIOS (ID_MUNICIPIO, NOMBRE_MUNICIPIO, ESTADO, DEPARTAMENTO_ID) values(72,'Ayapel',1,23);
INSERT INTO MUNICIPIOS (ID_MUNICIPIO, NOMBRE_MUNICIPIO, ESTADO, DEPARTAMENTO_ID) values(73,'Bagadó',1,27);
INSERT INTO MUNICIPIOS (ID_MUNICIPIO, NOMBRE_MUNICIPIO, ESTADO, DEPARTAMENTO_ID) values(74,'Bahía Solano (Mútis)',1,27);
INSERT INTO MUNICIPIOS (ID_MUNICIPIO, NOMBRE_MUNICIPIO, ESTADO, DEPARTAMENTO_ID) values(75,'Bajo Baudó (Pizarro)',1,27);
INSERT INTO MUNICIPIOS (ID_MUNICIPIO, NOMBRE_MUNICIPIO, ESTADO, DEPARTAMENTO_ID) values(76,'Balboa',1,19);
INSERT INTO MUNICIPIOS (ID_MUNICIPIO, NOMBRE_MUNICIPIO, ESTADO, DEPARTAMENTO_ID) values(77,'Balboa',1,66);
INSERT INTO MUNICIPIOS (ID_MUNICIPIO, NOMBRE_MUNICIPIO, ESTADO, DEPARTAMENTO_ID) values(78,'Baranoa',1,8);
INSERT INTO MUNICIPIOS (ID_MUNICIPIO, NOMBRE_MUNICIPIO, ESTADO, DEPARTAMENTO_ID) values(79,'Baraya',1,41);
INSERT INTO MUNICIPIOS (ID_MUNICIPIO, NOMBRE_MUNICIPIO, ESTADO, DEPARTAMENTO_ID) values(80,'Barbacoas',1,52);
INSERT INTO MUNICIPIOS (ID_MUNICIPIO, NOMBRE_MUNICIPIO, ESTADO, DEPARTAMENTO_ID) values(81,'Barbosa',1,5);
INSERT INTO MUNICIPIOS (ID_MUNICIPIO, NOMBRE_MUNICIPIO, ESTADO, DEPARTAMENTO_ID) values(82,'Barbosa',1,68);
INSERT INTO MUNICIPIOS (ID_MUNICIPIO, NOMBRE_MUNICIPIO, ESTADO, DEPARTAMENTO_ID) values(83,'Barichara',1,68);
INSERT INTO MUNICIPIOS (ID_MUNICIPIO, NOMBRE_MUNICIPIO, ESTADO, DEPARTAMENTO_ID) values(84,'Barranca de Upía',1,50);
INSERT INTO MUNICIPIOS (ID_MUNICIPIO, NOMBRE_MUNICIPIO, ESTADO, DEPARTAMENTO_ID) values(85,'Barrancabermeja',1,68);
INSERT INTO MUNICIPIOS (ID_MUNICIPIO, NOMBRE_MUNICIPIO, ESTADO, DEPARTAMENTO_ID) values(86,'Barrancas',1,44);
INSERT INTO MUNICIPIOS (ID_MUNICIPIO, NOMBRE_MUNICIPIO, ESTADO, DEPARTAMENTO_ID) values(87,'Barranco de Loba',1,13);
INSERT INTO MUNICIPIOS (ID_MUNICIPIO, NOMBRE_MUNICIPIO, ESTADO, DEPARTAMENTO_ID) values(88,'Barranquilla',1,8);
INSERT INTO MUNICIPIOS (ID_MUNICIPIO, NOMBRE_MUNICIPIO, ESTADO, DEPARTAMENTO_ID) values(89,'Becerríl',1,20);
INSERT INTO MUNICIPIOS (ID_MUNICIPIO, NOMBRE_MUNICIPIO, ESTADO, DEPARTAMENTO_ID) values(90,'Belalcázar',1,17);
INSERT INTO MUNICIPIOS (ID_MUNICIPIO, NOMBRE_MUNICIPIO, ESTADO, DEPARTAMENTO_ID) values(91,'Bello',1,5);
INSERT INTO MUNICIPIOS (ID_MUNICIPIO, NOMBRE_MUNICIPIO, ESTADO, DEPARTAMENTO_ID) values(92,'Belmira',1,5);
INSERT INTO MUNICIPIOS (ID_MUNICIPIO, NOMBRE_MUNICIPIO, ESTADO, DEPARTAMENTO_ID) values(93,'Beltrán',1,25);
INSERT INTO MUNICIPIOS (ID_MUNICIPIO, NOMBRE_MUNICIPIO, ESTADO, DEPARTAMENTO_ID) values(94,'Belén',1,15);
INSERT INTO MUNICIPIOS (ID_MUNICIPIO, NOMBRE_MUNICIPIO, ESTADO, DEPARTAMENTO_ID) values(95,'Belén',1,52);
INSERT INTO MUNICIPIOS (ID_MUNICIPIO, NOMBRE_MUNICIPIO, ESTADO, DEPARTAMENTO_ID) values(96,'Belén de Bajirá',1,27);
INSERT INTO MUNICIPIOS (ID_MUNICIPIO, NOMBRE_MUNICIPIO, ESTADO, DEPARTAMENTO_ID) values(97,'Belén de Umbría',1,66);
INSERT INTO MUNICIPIOS (ID_MUNICIPIO, NOMBRE_MUNICIPIO, ESTADO, DEPARTAMENTO_ID) values(98,'Belén de los Andaquíes',1,18);
INSERT INTO MUNICIPIOS (ID_MUNICIPIO, NOMBRE_MUNICIPIO, ESTADO, DEPARTAMENTO_ID) values(99,'Berbeo',1,15);
INSERT INTO MUNICIPIOS (ID_MUNICIPIO, NOMBRE_MUNICIPIO, ESTADO, DEPARTAMENTO_ID) values(100,'Betania',1,5);
INSERT INTO MUNICIPIOS (ID_MUNICIPIO, NOMBRE_MUNICIPIO, ESTADO, DEPARTAMENTO_ID) values(101,'Beteitiva',1,15);
INSERT INTO MUNICIPIOS (ID_MUNICIPIO, NOMBRE_MUNICIPIO, ESTADO, DEPARTAMENTO_ID) values(102,'Betulia',1,5);
INSERT INTO MUNICIPIOS (ID_MUNICIPIO, NOMBRE_MUNICIPIO, ESTADO, DEPARTAMENTO_ID) values(103,'Betulia',1,68);
INSERT INTO MUNICIPIOS (ID_MUNICIPIO, NOMBRE_MUNICIPIO, ESTADO, DEPARTAMENTO_ID) values(104,'Bituima',1,25);
INSERT INTO MUNICIPIOS (ID_MUNICIPIO, NOMBRE_MUNICIPIO, ESTADO, DEPARTAMENTO_ID) values(105,'Boavita',1,15);
INSERT INTO MUNICIPIOS (ID_MUNICIPIO, NOMBRE_MUNICIPIO, ESTADO, DEPARTAMENTO_ID) values(106,'Bochalema',1,54);
INSERT INTO MUNICIPIOS (ID_MUNICIPIO, NOMBRE_MUNICIPIO, ESTADO, DEPARTAMENTO_ID) values(107,'Bogotá D.C.',1,11);
INSERT INTO MUNICIPIOS (ID_MUNICIPIO, NOMBRE_MUNICIPIO, ESTADO, DEPARTAMENTO_ID) values(108,'Bojacá',1,25);
INSERT INTO MUNICIPIOS (ID_MUNICIPIO, NOMBRE_MUNICIPIO, ESTADO, DEPARTAMENTO_ID) values(109,'Bojayá (Bellavista)',1,27);
INSERT INTO MUNICIPIOS (ID_MUNICIPIO, NOMBRE_MUNICIPIO, ESTADO, DEPARTAMENTO_ID) values(110,'Bolívar',1,5);
INSERT INTO MUNICIPIOS (ID_MUNICIPIO, NOMBRE_MUNICIPIO, ESTADO, DEPARTAMENTO_ID) values(111,'Bolívar',1,19);
INSERT INTO MUNICIPIOS (ID_MUNICIPIO, NOMBRE_MUNICIPIO, ESTADO, DEPARTAMENTO_ID) values(112,'Bolívar',1,68);
INSERT INTO MUNICIPIOS (ID_MUNICIPIO, NOMBRE_MUNICIPIO, ESTADO, DEPARTAMENTO_ID) values(113,'Bolívar',1,76);
INSERT INTO MUNICIPIOS (ID_MUNICIPIO, NOMBRE_MUNICIPIO, ESTADO, DEPARTAMENTO_ID) values(114,'Bosconia',1,20);
INSERT INTO MUNICIPIOS (ID_MUNICIPIO, NOMBRE_MUNICIPIO, ESTADO, DEPARTAMENTO_ID) values(115,'Boyacá',1,15);
INSERT INTO MUNICIPIOS (ID_MUNICIPIO, NOMBRE_MUNICIPIO, ESTADO, DEPARTAMENTO_ID) values(116,'Briceño',1,5);
INSERT INTO MUNICIPIOS (ID_MUNICIPIO, NOMBRE_MUNICIPIO, ESTADO, DEPARTAMENTO_ID) values(117,'Briceño',1,15);
INSERT INTO MUNICIPIOS (ID_MUNICIPIO, NOMBRE_MUNICIPIO, ESTADO, DEPARTAMENTO_ID) values(118,'Bucaramanga',1,68);
INSERT INTO MUNICIPIOS (ID_MUNICIPIO, NOMBRE_MUNICIPIO, ESTADO, DEPARTAMENTO_ID) values(119,'Bucarasica',1,54);
INSERT INTO MUNICIPIOS (ID_MUNICIPIO, NOMBRE_MUNICIPIO, ESTADO, DEPARTAMENTO_ID) values(120,'Buenaventura',1,76);
INSERT INTO MUNICIPIOS (ID_MUNICIPIO, NOMBRE_MUNICIPIO, ESTADO, DEPARTAMENTO_ID) values(121,'Buenavista',1,15);
INSERT INTO MUNICIPIOS (ID_MUNICIPIO, NOMBRE_MUNICIPIO, ESTADO, DEPARTAMENTO_ID) values(122,'Buenavista',1,23);
INSERT INTO MUNICIPIOS (ID_MUNICIPIO, NOMBRE_MUNICIPIO, ESTADO, DEPARTAMENTO_ID) values(123,'Buenavista',1,63);
INSERT INTO MUNICIPIOS (ID_MUNICIPIO, NOMBRE_MUNICIPIO, ESTADO, DEPARTAMENTO_ID) values(124,'Buenavista',1,70);
INSERT INTO MUNICIPIOS (ID_MUNICIPIO, NOMBRE_MUNICIPIO, ESTADO, DEPARTAMENTO_ID) values(125,'Buenos Aires',1,19);
INSERT INTO MUNICIPIOS (ID_MUNICIPIO, NOMBRE_MUNICIPIO, ESTADO, DEPARTAMENTO_ID) values(126,'Buesaco',1,52);
INSERT INTO MUNICIPIOS (ID_MUNICIPIO, NOMBRE_MUNICIPIO, ESTADO, DEPARTAMENTO_ID) values(127,'Buga',1,76);
INSERT INTO MUNICIPIOS (ID_MUNICIPIO, NOMBRE_MUNICIPIO, ESTADO, DEPARTAMENTO_ID) values(128,'Bugalagrande',1,76);
INSERT INTO MUNICIPIOS (ID_MUNICIPIO, NOMBRE_MUNICIPIO, ESTADO, DEPARTAMENTO_ID) values(129,'Burítica',1,5);
INSERT INTO MUNICIPIOS (ID_MUNICIPIO, NOMBRE_MUNICIPIO, ESTADO, DEPARTAMENTO_ID) values(130,'Busbanza',1,15);
INSERT INTO MUNICIPIOS (ID_MUNICIPIO, NOMBRE_MUNICIPIO, ESTADO, DEPARTAMENTO_ID) values(131,'Cabrera',1,25);
INSERT INTO MUNICIPIOS (ID_MUNICIPIO, NOMBRE_MUNICIPIO, ESTADO, DEPARTAMENTO_ID) values(132,'Cabrera',1,68);
INSERT INTO MUNICIPIOS (ID_MUNICIPIO, NOMBRE_MUNICIPIO, ESTADO, DEPARTAMENTO_ID) values(133,'Cabuyaro',1,50);
INSERT INTO MUNICIPIOS (ID_MUNICIPIO, NOMBRE_MUNICIPIO, ESTADO, DEPARTAMENTO_ID) values(134,'Cachipay',1,25);
INSERT INTO MUNICIPIOS (ID_MUNICIPIO, NOMBRE_MUNICIPIO, ESTADO, DEPARTAMENTO_ID) values(135,'Caicedo',1,5);
INSERT INTO MUNICIPIOS (ID_MUNICIPIO, NOMBRE_MUNICIPIO, ESTADO, DEPARTAMENTO_ID) values(136,'Caicedonia',1,76);
INSERT INTO MUNICIPIOS (ID_MUNICIPIO, NOMBRE_MUNICIPIO, ESTADO, DEPARTAMENTO_ID) values(137,'Caimito',1,70);
INSERT INTO MUNICIPIOS (ID_MUNICIPIO, NOMBRE_MUNICIPIO, ESTADO, DEPARTAMENTO_ID) values(138,'Cajamarca',1,73);
INSERT INTO MUNICIPIOS (ID_MUNICIPIO, NOMBRE_MUNICIPIO, ESTADO, DEPARTAMENTO_ID) values(139,'Cajibío',1,19);
INSERT INTO MUNICIPIOS (ID_MUNICIPIO, NOMBRE_MUNICIPIO, ESTADO, DEPARTAMENTO_ID) values(140,'Cajicá',1,25);
INSERT INTO MUNICIPIOS (ID_MUNICIPIO, NOMBRE_MUNICIPIO, ESTADO, DEPARTAMENTO_ID) values(141,'Calamar',1,13);
INSERT INTO MUNICIPIOS (ID_MUNICIPIO, NOMBRE_MUNICIPIO, ESTADO, DEPARTAMENTO_ID) values(142,'Calamar',1,95);
INSERT INTO MUNICIPIOS (ID_MUNICIPIO, NOMBRE_MUNICIPIO, ESTADO, DEPARTAMENTO_ID) values(143,'Calarcá',1,63);
INSERT INTO MUNICIPIOS (ID_MUNICIPIO, NOMBRE_MUNICIPIO, ESTADO, DEPARTAMENTO_ID) values(144,'Caldas',1,5);
INSERT INTO MUNICIPIOS (ID_MUNICIPIO, NOMBRE_MUNICIPIO, ESTADO, DEPARTAMENTO_ID) values(145,'Caldas',1,15);
INSERT INTO MUNICIPIOS (ID_MUNICIPIO, NOMBRE_MUNICIPIO, ESTADO, DEPARTAMENTO_ID) values(146,'Caldono',1,19);
INSERT INTO MUNICIPIOS (ID_MUNICIPIO, NOMBRE_MUNICIPIO, ESTADO, DEPARTAMENTO_ID) values(147,'California',1,68);
INSERT INTO MUNICIPIOS (ID_MUNICIPIO, NOMBRE_MUNICIPIO, ESTADO, DEPARTAMENTO_ID) values(148,'Calima (Darién)',1,76);
INSERT INTO MUNICIPIOS (ID_MUNICIPIO, NOMBRE_MUNICIPIO, ESTADO, DEPARTAMENTO_ID) values(149,'Caloto',1,19);
INSERT INTO MUNICIPIOS (ID_MUNICIPIO, NOMBRE_MUNICIPIO, ESTADO, DEPARTAMENTO_ID) values(150,'Calí',1,76);
INSERT INTO MUNICIPIOS (ID_MUNICIPIO, NOMBRE_MUNICIPIO, ESTADO, DEPARTAMENTO_ID) values(151,'Campamento',1,5);
INSERT INTO MUNICIPIOS (ID_MUNICIPIO, NOMBRE_MUNICIPIO, ESTADO, DEPARTAMENTO_ID) values(152,'Campo de la Cruz',1,8);
INSERT INTO MUNICIPIOS (ID_MUNICIPIO, NOMBRE_MUNICIPIO, ESTADO, DEPARTAMENTO_ID) values(153,'Campoalegre',1,41);
INSERT INTO MUNICIPIOS (ID_MUNICIPIO, NOMBRE_MUNICIPIO, ESTADO, DEPARTAMENTO_ID) values(154,'Campohermoso',1,15);
INSERT INTO MUNICIPIOS (ID_MUNICIPIO, NOMBRE_MUNICIPIO, ESTADO, DEPARTAMENTO_ID) values(155,'Canalete',1,23);
INSERT INTO MUNICIPIOS (ID_MUNICIPIO, NOMBRE_MUNICIPIO, ESTADO, DEPARTAMENTO_ID) values(156,'Candelaria',1,8);
INSERT INTO MUNICIPIOS (ID_MUNICIPIO, NOMBRE_MUNICIPIO, ESTADO, DEPARTAMENTO_ID) values(157,'Candelaria',1,76);
INSERT INTO MUNICIPIOS (ID_MUNICIPIO, NOMBRE_MUNICIPIO, ESTADO, DEPARTAMENTO_ID) values(158,'Cantagallo',1,13);
INSERT INTO MUNICIPIOS (ID_MUNICIPIO, NOMBRE_MUNICIPIO, ESTADO, DEPARTAMENTO_ID) values(159,'Cantón de San Pablo',1,27);
INSERT INTO MUNICIPIOS (ID_MUNICIPIO, NOMBRE_MUNICIPIO, ESTADO, DEPARTAMENTO_ID) values(160,'Caparrapí',1,25);
INSERT INTO MUNICIPIOS (ID_MUNICIPIO, NOMBRE_MUNICIPIO, ESTADO, DEPARTAMENTO_ID) values(161,'Capitanejo',1,68);
INSERT INTO MUNICIPIOS (ID_MUNICIPIO, NOMBRE_MUNICIPIO, ESTADO, DEPARTAMENTO_ID) values(162,'Caracolí',1,5);
INSERT INTO MUNICIPIOS (ID_MUNICIPIO, NOMBRE_MUNICIPIO, ESTADO, DEPARTAMENTO_ID) values(163,'Caramanta',1,5);
INSERT INTO MUNICIPIOS (ID_MUNICIPIO, NOMBRE_MUNICIPIO, ESTADO, DEPARTAMENTO_ID) values(164,'Carcasí',1,68);
INSERT INTO MUNICIPIOS (ID_MUNICIPIO, NOMBRE_MUNICIPIO, ESTADO, DEPARTAMENTO_ID) values(165,'Carepa',1,5);
INSERT INTO MUNICIPIOS (ID_MUNICIPIO, NOMBRE_MUNICIPIO, ESTADO, DEPARTAMENTO_ID) values(166,'Carmen de Apicalá',1,73);
INSERT INTO MUNICIPIOS (ID_MUNICIPIO, NOMBRE_MUNICIPIO, ESTADO, DEPARTAMENTO_ID) values(167,'Carmen de Carupa',1,25);
INSERT INTO MUNICIPIOS (ID_MUNICIPIO, NOMBRE_MUNICIPIO, ESTADO, DEPARTAMENTO_ID) values(168,'Carmen de Viboral',1,5);
INSERT INTO MUNICIPIOS (ID_MUNICIPIO, NOMBRE_MUNICIPIO, ESTADO, DEPARTAMENTO_ID) values(169,'Carmen del Darién (CURBARADÓ)',1,27);
INSERT INTO MUNICIPIOS (ID_MUNICIPIO, NOMBRE_MUNICIPIO, ESTADO, DEPARTAMENTO_ID) values(170,'Carolina',1,5);
INSERT INTO MUNICIPIOS (ID_MUNICIPIO, NOMBRE_MUNICIPIO, ESTADO, DEPARTAMENTO_ID) values(171,'Cartagena',1,13);
INSERT INTO MUNICIPIOS (ID_MUNICIPIO, NOMBRE_MUNICIPIO, ESTADO, DEPARTAMENTO_ID) values(172,'Cartagena del Chairá',1,18);
INSERT INTO MUNICIPIOS (ID_MUNICIPIO, NOMBRE_MUNICIPIO, ESTADO, DEPARTAMENTO_ID) values(173,'Cartago',1,76);
INSERT INTO MUNICIPIOS (ID_MUNICIPIO, NOMBRE_MUNICIPIO, ESTADO, DEPARTAMENTO_ID) values(174,'Carurú',1,97);
INSERT INTO MUNICIPIOS (ID_MUNICIPIO, NOMBRE_MUNICIPIO, ESTADO, DEPARTAMENTO_ID) values(175,'Casabianca',1,73);
INSERT INTO MUNICIPIOS (ID_MUNICIPIO, NOMBRE_MUNICIPIO, ESTADO, DEPARTAMENTO_ID) values(176,'Castilla la Nueva',1,50);
INSERT INTO MUNICIPIOS (ID_MUNICIPIO, NOMBRE_MUNICIPIO, ESTADO, DEPARTAMENTO_ID) values(177,'Caucasia',1,5);
INSERT INTO MUNICIPIOS (ID_MUNICIPIO, NOMBRE_MUNICIPIO, ESTADO, DEPARTAMENTO_ID) values(178,'Cañasgordas',1,5);
INSERT INTO MUNICIPIOS (ID_MUNICIPIO, NOMBRE_MUNICIPIO, ESTADO, DEPARTAMENTO_ID) values(179,'Cepita',1,68);
INSERT INTO MUNICIPIOS (ID_MUNICIPIO, NOMBRE_MUNICIPIO, ESTADO, DEPARTAMENTO_ID) values(180,'Cereté',1,23);
INSERT INTO MUNICIPIOS (ID_MUNICIPIO, NOMBRE_MUNICIPIO, ESTADO, DEPARTAMENTO_ID) values(181,'Cerinza',1,15);
INSERT INTO MUNICIPIOS (ID_MUNICIPIO, NOMBRE_MUNICIPIO, ESTADO, DEPARTAMENTO_ID) values(182,'Cerrito',1,68);
INSERT INTO MUNICIPIOS (ID_MUNICIPIO, NOMBRE_MUNICIPIO, ESTADO, DEPARTAMENTO_ID) values(183,'Cerro San Antonio',1,47);
INSERT INTO MUNICIPIOS (ID_MUNICIPIO, NOMBRE_MUNICIPIO, ESTADO, DEPARTAMENTO_ID) values(184,'Chachaguí',1,52);
INSERT INTO MUNICIPIOS (ID_MUNICIPIO, NOMBRE_MUNICIPIO, ESTADO, DEPARTAMENTO_ID) values(185,'Chaguaní',1,25);
INSERT INTO MUNICIPIOS (ID_MUNICIPIO, NOMBRE_MUNICIPIO, ESTADO, DEPARTAMENTO_ID) values(186,'Chalán',1,70);
INSERT INTO MUNICIPIOS (ID_MUNICIPIO, NOMBRE_MUNICIPIO, ESTADO, DEPARTAMENTO_ID) values(187,'Chaparral',1,73);
INSERT INTO MUNICIPIOS (ID_MUNICIPIO, NOMBRE_MUNICIPIO, ESTADO, DEPARTAMENTO_ID) values(188,'Charalá',1,68);
INSERT INTO MUNICIPIOS (ID_MUNICIPIO, NOMBRE_MUNICIPIO, ESTADO, DEPARTAMENTO_ID) values(189,'Charta',1,68);
INSERT INTO MUNICIPIOS (ID_MUNICIPIO, NOMBRE_MUNICIPIO, ESTADO, DEPARTAMENTO_ID) values(190,'Chigorodó',1,5);
INSERT INTO MUNICIPIOS (ID_MUNICIPIO, NOMBRE_MUNICIPIO, ESTADO, DEPARTAMENTO_ID) values(191,'Chima',1,68);
INSERT INTO MUNICIPIOS (ID_MUNICIPIO, NOMBRE_MUNICIPIO, ESTADO, DEPARTAMENTO_ID) values(192,'Chimichagua',1,20);
INSERT INTO MUNICIPIOS (ID_MUNICIPIO, NOMBRE_MUNICIPIO, ESTADO, DEPARTAMENTO_ID) values(193,'Chimá',1,23);
INSERT INTO MUNICIPIOS (ID_MUNICIPIO, NOMBRE_MUNICIPIO, ESTADO, DEPARTAMENTO_ID) values(194,'Chinavita',1,15);
INSERT INTO MUNICIPIOS (ID_MUNICIPIO, NOMBRE_MUNICIPIO, ESTADO, DEPARTAMENTO_ID) values(195,'Chinchiná',1,17);
INSERT INTO MUNICIPIOS (ID_MUNICIPIO, NOMBRE_MUNICIPIO, ESTADO, DEPARTAMENTO_ID) values(196,'Chinácota',1,54);
INSERT INTO MUNICIPIOS (ID_MUNICIPIO, NOMBRE_MUNICIPIO, ESTADO, DEPARTAMENTO_ID) values(197,'Chinú',1,23);
INSERT INTO MUNICIPIOS (ID_MUNICIPIO, NOMBRE_MUNICIPIO, ESTADO, DEPARTAMENTO_ID) values(198,'Chipaque',1,25);
INSERT INTO MUNICIPIOS (ID_MUNICIPIO, NOMBRE_MUNICIPIO, ESTADO, DEPARTAMENTO_ID) values(199,'Chipatá',1,68);
INSERT INTO MUNICIPIOS (ID_MUNICIPIO, NOMBRE_MUNICIPIO, ESTADO, DEPARTAMENTO_ID) values(200,'Chiquinquirá',1,15);
INSERT INTO MUNICIPIOS (ID_MUNICIPIO, NOMBRE_MUNICIPIO, ESTADO, DEPARTAMENTO_ID) values(201,'Chiriguaná',1,20);
INSERT INTO MUNICIPIOS (ID_MUNICIPIO, NOMBRE_MUNICIPIO, ESTADO, DEPARTAMENTO_ID) values(202,'Chiscas',1,15);
INSERT INTO MUNICIPIOS (ID_MUNICIPIO, NOMBRE_MUNICIPIO, ESTADO, DEPARTAMENTO_ID) values(203,'Chita',1,15);
INSERT INTO MUNICIPIOS (ID_MUNICIPIO, NOMBRE_MUNICIPIO, ESTADO, DEPARTAMENTO_ID) values(204,'Chitagá',1,54);
INSERT INTO MUNICIPIOS (ID_MUNICIPIO, NOMBRE_MUNICIPIO, ESTADO, DEPARTAMENTO_ID) values(205,'Chitaraque',1,15);
INSERT INTO MUNICIPIOS (ID_MUNICIPIO, NOMBRE_MUNICIPIO, ESTADO, DEPARTAMENTO_ID) values(206,'Chivatá',1,15);
INSERT INTO MUNICIPIOS (ID_MUNICIPIO, NOMBRE_MUNICIPIO, ESTADO, DEPARTAMENTO_ID) values(207,'Chivolo',1,47);
INSERT INTO MUNICIPIOS (ID_MUNICIPIO, NOMBRE_MUNICIPIO, ESTADO, DEPARTAMENTO_ID) values(208,'Choachí',1,25);
INSERT INTO MUNICIPIOS (ID_MUNICIPIO, NOMBRE_MUNICIPIO, ESTADO, DEPARTAMENTO_ID) values(209,'Chocontá',1,25);
INSERT INTO MUNICIPIOS (ID_MUNICIPIO, NOMBRE_MUNICIPIO, ESTADO, DEPARTAMENTO_ID) values(210,'Chámeza',1,85);
INSERT INTO MUNICIPIOS (ID_MUNICIPIO, NOMBRE_MUNICIPIO, ESTADO, DEPARTAMENTO_ID) values(211,'Chía',1,25);
INSERT INTO MUNICIPIOS (ID_MUNICIPIO, NOMBRE_MUNICIPIO, ESTADO, DEPARTAMENTO_ID) values(212,'Chíquiza',1,15);
INSERT INTO MUNICIPIOS (ID_MUNICIPIO, NOMBRE_MUNICIPIO, ESTADO, DEPARTAMENTO_ID) values(213,'Chívor',1,15);
INSERT INTO MUNICIPIOS (ID_MUNICIPIO, NOMBRE_MUNICIPIO, ESTADO, DEPARTAMENTO_ID) values(214,'Cicuco',1,13);
INSERT INTO MUNICIPIOS (ID_MUNICIPIO, NOMBRE_MUNICIPIO, ESTADO, DEPARTAMENTO_ID) values(215,'Cimitarra',1,68);
INSERT INTO MUNICIPIOS (ID_MUNICIPIO, NOMBRE_MUNICIPIO, ESTADO, DEPARTAMENTO_ID) values(216,'Circasia',1,63);
INSERT INTO MUNICIPIOS (ID_MUNICIPIO, NOMBRE_MUNICIPIO, ESTADO, DEPARTAMENTO_ID) values(217,'Cisneros',1,5);
INSERT INTO MUNICIPIOS (ID_MUNICIPIO, NOMBRE_MUNICIPIO, ESTADO, DEPARTAMENTO_ID) values(218,'Ciénaga',1,15);
INSERT INTO MUNICIPIOS (ID_MUNICIPIO, NOMBRE_MUNICIPIO, ESTADO, DEPARTAMENTO_ID) values(219,'Ciénaga',1,47);
INSERT INTO MUNICIPIOS (ID_MUNICIPIO, NOMBRE_MUNICIPIO, ESTADO, DEPARTAMENTO_ID) values(220,'Ciénaga de Oro',1,23);
INSERT INTO MUNICIPIOS (ID_MUNICIPIO, NOMBRE_MUNICIPIO, ESTADO, DEPARTAMENTO_ID) values(221,'Clemencia',1,13);
INSERT INTO MUNICIPIOS (ID_MUNICIPIO, NOMBRE_MUNICIPIO, ESTADO, DEPARTAMENTO_ID) values(222,'Cocorná',1,5);
INSERT INTO MUNICIPIOS (ID_MUNICIPIO, NOMBRE_MUNICIPIO, ESTADO, DEPARTAMENTO_ID) values(223,'Coello',1,73);
INSERT INTO MUNICIPIOS (ID_MUNICIPIO, NOMBRE_MUNICIPIO, ESTADO, DEPARTAMENTO_ID) values(224,'Cogua',1,25);
INSERT INTO MUNICIPIOS (ID_MUNICIPIO, NOMBRE_MUNICIPIO, ESTADO, DEPARTAMENTO_ID) values(225,'Colombia',1,41);
INSERT INTO MUNICIPIOS (ID_MUNICIPIO, NOMBRE_MUNICIPIO, ESTADO, DEPARTAMENTO_ID) values(226,'Colosó (Ricaurte)',1,70);
INSERT INTO MUNICIPIOS (ID_MUNICIPIO, NOMBRE_MUNICIPIO, ESTADO, DEPARTAMENTO_ID) values(227,'Colón',1,86);
INSERT INTO MUNICIPIOS (ID_MUNICIPIO, NOMBRE_MUNICIPIO, ESTADO, DEPARTAMENTO_ID) values(228,'Colón (Génova)',1,52);
INSERT INTO MUNICIPIOS (ID_MUNICIPIO, NOMBRE_MUNICIPIO, ESTADO, DEPARTAMENTO_ID) values(229,'Concepción',1,5);
INSERT INTO MUNICIPIOS (ID_MUNICIPIO, NOMBRE_MUNICIPIO, ESTADO, DEPARTAMENTO_ID) values(230,'Concepción',1,68);
INSERT INTO MUNICIPIOS (ID_MUNICIPIO, NOMBRE_MUNICIPIO, ESTADO, DEPARTAMENTO_ID) values(231,'Concordia',1,5);
INSERT INTO MUNICIPIOS (ID_MUNICIPIO, NOMBRE_MUNICIPIO, ESTADO, DEPARTAMENTO_ID) values(232,'Concordia',1,47);
INSERT INTO MUNICIPIOS (ID_MUNICIPIO, NOMBRE_MUNICIPIO, ESTADO, DEPARTAMENTO_ID) values(233,'Condoto',1,27);
INSERT INTO MUNICIPIOS (ID_MUNICIPIO, NOMBRE_MUNICIPIO, ESTADO, DEPARTAMENTO_ID) values(234,'Confines',1,68);
INSERT INTO MUNICIPIOS (ID_MUNICIPIO, NOMBRE_MUNICIPIO, ESTADO, DEPARTAMENTO_ID) values(235,'Consaca',1,52);
INSERT INTO MUNICIPIOS (ID_MUNICIPIO, NOMBRE_MUNICIPIO, ESTADO, DEPARTAMENTO_ID) values(236,'Contadero',1,52);
INSERT INTO MUNICIPIOS (ID_MUNICIPIO, NOMBRE_MUNICIPIO, ESTADO, DEPARTAMENTO_ID) values(237,'Contratación',1,68);
INSERT INTO MUNICIPIOS (ID_MUNICIPIO, NOMBRE_MUNICIPIO, ESTADO, DEPARTAMENTO_ID) values(238,'Convención',1,54);
INSERT INTO MUNICIPIOS (ID_MUNICIPIO, NOMBRE_MUNICIPIO, ESTADO, DEPARTAMENTO_ID) values(239,'Copacabana',1,5);
INSERT INTO MUNICIPIOS (ID_MUNICIPIO, NOMBRE_MUNICIPIO, ESTADO, DEPARTAMENTO_ID) values(240,'Coper',1,15);
INSERT INTO MUNICIPIOS (ID_MUNICIPIO, NOMBRE_MUNICIPIO, ESTADO, DEPARTAMENTO_ID) values(241,'Cordobá',1,63);
INSERT INTO MUNICIPIOS (ID_MUNICIPIO, NOMBRE_MUNICIPIO, ESTADO, DEPARTAMENTO_ID) values(242,'Corinto',1,19);
INSERT INTO MUNICIPIOS (ID_MUNICIPIO, NOMBRE_MUNICIPIO, ESTADO, DEPARTAMENTO_ID) values(243,'Coromoro',1,68);
INSERT INTO MUNICIPIOS (ID_MUNICIPIO, NOMBRE_MUNICIPIO, ESTADO, DEPARTAMENTO_ID) values(244,'Corozal',1,70);
INSERT INTO MUNICIPIOS (ID_MUNICIPIO, NOMBRE_MUNICIPIO, ESTADO, DEPARTAMENTO_ID) values(245,'Corrales',1,15);
INSERT INTO MUNICIPIOS (ID_MUNICIPIO, NOMBRE_MUNICIPIO, ESTADO, DEPARTAMENTO_ID) values(246,'Cota',1,25);
INSERT INTO MUNICIPIOS (ID_MUNICIPIO, NOMBRE_MUNICIPIO, ESTADO, DEPARTAMENTO_ID) values(247,'Cotorra',1,23);
INSERT INTO MUNICIPIOS (ID_MUNICIPIO, NOMBRE_MUNICIPIO, ESTADO, DEPARTAMENTO_ID) values(248,'Covarachía',1,15);
INSERT INTO MUNICIPIOS (ID_MUNICIPIO, NOMBRE_MUNICIPIO, ESTADO, DEPARTAMENTO_ID) values(249,'Coveñas',1,70);
INSERT INTO MUNICIPIOS (ID_MUNICIPIO, NOMBRE_MUNICIPIO, ESTADO, DEPARTAMENTO_ID) values(250,'Coyaima',1,73);
INSERT INTO MUNICIPIOS (ID_MUNICIPIO, NOMBRE_MUNICIPIO, ESTADO, DEPARTAMENTO_ID) values(251,'Cravo Norte',1,81);
INSERT INTO MUNICIPIOS (ID_MUNICIPIO, NOMBRE_MUNICIPIO, ESTADO, DEPARTAMENTO_ID) values(252,'Cuaspud (Carlosama)',1,52);
INSERT INTO MUNICIPIOS (ID_MUNICIPIO, NOMBRE_MUNICIPIO, ESTADO, DEPARTAMENTO_ID) values(253,'Cubarral',1,50);
INSERT INTO MUNICIPIOS (ID_MUNICIPIO, NOMBRE_MUNICIPIO, ESTADO, DEPARTAMENTO_ID) values(254,'Cubará',1,15);
INSERT INTO MUNICIPIOS (ID_MUNICIPIO, NOMBRE_MUNICIPIO, ESTADO, DEPARTAMENTO_ID) values(255,'Cucaita',1,15);
INSERT INTO MUNICIPIOS (ID_MUNICIPIO, NOMBRE_MUNICIPIO, ESTADO, DEPARTAMENTO_ID) values(256,'Cucunubá',1,25);
INSERT INTO MUNICIPIOS (ID_MUNICIPIO, NOMBRE_MUNICIPIO, ESTADO, DEPARTAMENTO_ID) values(257,'Cucutilla',1,54);
INSERT INTO MUNICIPIOS (ID_MUNICIPIO, NOMBRE_MUNICIPIO, ESTADO, DEPARTAMENTO_ID) values(258,'Cuitiva',1,15);
INSERT INTO MUNICIPIOS (ID_MUNICIPIO, NOMBRE_MUNICIPIO, ESTADO, DEPARTAMENTO_ID) values(259,'Cumaral',1,50);
INSERT INTO MUNICIPIOS (ID_MUNICIPIO, NOMBRE_MUNICIPIO, ESTADO, DEPARTAMENTO_ID) values(260,'Cumaribo',1,99);
INSERT INTO MUNICIPIOS (ID_MUNICIPIO, NOMBRE_MUNICIPIO, ESTADO, DEPARTAMENTO_ID) values(261,'Cumbal',1,52);
INSERT INTO MUNICIPIOS (ID_MUNICIPIO, NOMBRE_MUNICIPIO, ESTADO, DEPARTAMENTO_ID) values(262,'Cumbitara',1,52);
INSERT INTO MUNICIPIOS (ID_MUNICIPIO, NOMBRE_MUNICIPIO, ESTADO, DEPARTAMENTO_ID) values(263,'Cunday',1,73);
INSERT INTO MUNICIPIOS (ID_MUNICIPIO, NOMBRE_MUNICIPIO, ESTADO, DEPARTAMENTO_ID) values(264,'Curillo',1,18);
INSERT INTO MUNICIPIOS (ID_MUNICIPIO, NOMBRE_MUNICIPIO, ESTADO, DEPARTAMENTO_ID) values(265,'Curití',1,68);
INSERT INTO MUNICIPIOS (ID_MUNICIPIO, NOMBRE_MUNICIPIO, ESTADO, DEPARTAMENTO_ID) values(266,'Curumaní',1,20);
INSERT INTO MUNICIPIOS (ID_MUNICIPIO, NOMBRE_MUNICIPIO, ESTADO, DEPARTAMENTO_ID) values(267,'Cáceres',1,5);
INSERT INTO MUNICIPIOS (ID_MUNICIPIO, NOMBRE_MUNICIPIO, ESTADO, DEPARTAMENTO_ID) values(268,'Cáchira',1,54);
INSERT INTO MUNICIPIOS (ID_MUNICIPIO, NOMBRE_MUNICIPIO, ESTADO, DEPARTAMENTO_ID) values(269,'Cácota',1,54);
INSERT INTO MUNICIPIOS (ID_MUNICIPIO, NOMBRE_MUNICIPIO, ESTADO, DEPARTAMENTO_ID) values(270,'Cáqueza',1,25);
INSERT INTO MUNICIPIOS (ID_MUNICIPIO, NOMBRE_MUNICIPIO, ESTADO, DEPARTAMENTO_ID) values(271,'Cértegui',1,27);
INSERT INTO MUNICIPIOS (ID_MUNICIPIO, NOMBRE_MUNICIPIO, ESTADO, DEPARTAMENTO_ID) values(272,'Cómbita',1,15);
INSERT INTO MUNICIPIOS (ID_MUNICIPIO, NOMBRE_MUNICIPIO, ESTADO, DEPARTAMENTO_ID) values(273,'Córdoba',1,13);
INSERT INTO MUNICIPIOS (ID_MUNICIPIO, NOMBRE_MUNICIPIO, ESTADO, DEPARTAMENTO_ID) values(274,'Córdoba',1,52);
INSERT INTO MUNICIPIOS (ID_MUNICIPIO, NOMBRE_MUNICIPIO, ESTADO, DEPARTAMENTO_ID) values(275,'Cúcuta',1,54);
INSERT INTO MUNICIPIOS (ID_MUNICIPIO, NOMBRE_MUNICIPIO, ESTADO, DEPARTAMENTO_ID) values(276,'Dabeiba',1,5);
INSERT INTO MUNICIPIOS (ID_MUNICIPIO, NOMBRE_MUNICIPIO, ESTADO, DEPARTAMENTO_ID) values(277,'Dagua',1,76);
INSERT INTO MUNICIPIOS (ID_MUNICIPIO, NOMBRE_MUNICIPIO, ESTADO, DEPARTAMENTO_ID) values(278,'Dibulla',1,44);
INSERT INTO MUNICIPIOS (ID_MUNICIPIO, NOMBRE_MUNICIPIO, ESTADO, DEPARTAMENTO_ID) values(279,'Distracción',1,44);
INSERT INTO MUNICIPIOS (ID_MUNICIPIO, NOMBRE_MUNICIPIO, ESTADO, DEPARTAMENTO_ID) values(280,'Dolores',1,73);
INSERT INTO MUNICIPIOS (ID_MUNICIPIO, NOMBRE_MUNICIPIO, ESTADO, DEPARTAMENTO_ID) values(281,'Don Matías',1,5);
INSERT INTO MUNICIPIOS (ID_MUNICIPIO, NOMBRE_MUNICIPIO, ESTADO, DEPARTAMENTO_ID) values(282,'Dos Quebradas',1,66);
INSERT INTO MUNICIPIOS (ID_MUNICIPIO, NOMBRE_MUNICIPIO, ESTADO, DEPARTAMENTO_ID) values(283,'Duitama',1,15);
INSERT INTO MUNICIPIOS (ID_MUNICIPIO, NOMBRE_MUNICIPIO, ESTADO, DEPARTAMENTO_ID) values(284,'Durania',1,54);
INSERT INTO MUNICIPIOS (ID_MUNICIPIO, NOMBRE_MUNICIPIO, ESTADO, DEPARTAMENTO_ID) values(285,'Ebéjico',1,5);
INSERT INTO MUNICIPIOS (ID_MUNICIPIO, NOMBRE_MUNICIPIO, ESTADO, DEPARTAMENTO_ID) values(286,'El Bagre',1,5);
INSERT INTO MUNICIPIOS (ID_MUNICIPIO, NOMBRE_MUNICIPIO, ESTADO, DEPARTAMENTO_ID) values(287,'El Banco',1,47);
INSERT INTO MUNICIPIOS (ID_MUNICIPIO, NOMBRE_MUNICIPIO, ESTADO, DEPARTAMENTO_ID) values(288,'El Cairo',1,76);
INSERT INTO MUNICIPIOS (ID_MUNICIPIO, NOMBRE_MUNICIPIO, ESTADO, DEPARTAMENTO_ID) values(289,'El Calvario',1,50);
INSERT INTO MUNICIPIOS (ID_MUNICIPIO, NOMBRE_MUNICIPIO, ESTADO, DEPARTAMENTO_ID) values(290,'El Carmen',1,54);
INSERT INTO MUNICIPIOS (ID_MUNICIPIO, NOMBRE_MUNICIPIO, ESTADO, DEPARTAMENTO_ID) values(291,'El Carmen',1,68);
INSERT INTO MUNICIPIOS (ID_MUNICIPIO, NOMBRE_MUNICIPIO, ESTADO, DEPARTAMENTO_ID) values(292,'El Carmen de Atrato',1,27);
INSERT INTO MUNICIPIOS (ID_MUNICIPIO, NOMBRE_MUNICIPIO, ESTADO, DEPARTAMENTO_ID) values(293,'El Carmen de Bolívar',1,13);
INSERT INTO MUNICIPIOS (ID_MUNICIPIO, NOMBRE_MUNICIPIO, ESTADO, DEPARTAMENTO_ID) values(294,'El Castillo',1,50);
INSERT INTO MUNICIPIOS (ID_MUNICIPIO, NOMBRE_MUNICIPIO, ESTADO, DEPARTAMENTO_ID) values(295,'El Cerrito',1,76);
INSERT INTO MUNICIPIOS (ID_MUNICIPIO, NOMBRE_MUNICIPIO, ESTADO, DEPARTAMENTO_ID) values(296,'El Charco',1,52);
INSERT INTO MUNICIPIOS (ID_MUNICIPIO, NOMBRE_MUNICIPIO, ESTADO, DEPARTAMENTO_ID) values(297,'El Cocuy',1,15);
INSERT INTO MUNICIPIOS (ID_MUNICIPIO, NOMBRE_MUNICIPIO, ESTADO, DEPARTAMENTO_ID) values(298,'El Colegio',1,25);
INSERT INTO MUNICIPIOS (ID_MUNICIPIO, NOMBRE_MUNICIPIO, ESTADO, DEPARTAMENTO_ID) values(299,'El Copey',1,20);
INSERT INTO MUNICIPIOS (ID_MUNICIPIO, NOMBRE_MUNICIPIO, ESTADO, DEPARTAMENTO_ID) values(300,'El Doncello',1,18);
INSERT INTO MUNICIPIOS (ID_MUNICIPIO, NOMBRE_MUNICIPIO, ESTADO, DEPARTAMENTO_ID) values(301,'El Dorado',1,50);
INSERT INTO MUNICIPIOS (ID_MUNICIPIO, NOMBRE_MUNICIPIO, ESTADO, DEPARTAMENTO_ID) values(302,'El Dovio',1,76);
INSERT INTO MUNICIPIOS (ID_MUNICIPIO, NOMBRE_MUNICIPIO, ESTADO, DEPARTAMENTO_ID) values(303,'El Espino',1,15);
INSERT INTO MUNICIPIOS (ID_MUNICIPIO, NOMBRE_MUNICIPIO, ESTADO, DEPARTAMENTO_ID) values(304,'El Guacamayo',1,68);
INSERT INTO MUNICIPIOS (ID_MUNICIPIO, NOMBRE_MUNICIPIO, ESTADO, DEPARTAMENTO_ID) values(305,'El Guamo',1,13);
INSERT INTO MUNICIPIOS (ID_MUNICIPIO, NOMBRE_MUNICIPIO, ESTADO, DEPARTAMENTO_ID) values(306,'El Molino',1,44);
INSERT INTO MUNICIPIOS (ID_MUNICIPIO, NOMBRE_MUNICIPIO, ESTADO, DEPARTAMENTO_ID) values(307,'El Paso',1,20);
INSERT INTO MUNICIPIOS (ID_MUNICIPIO, NOMBRE_MUNICIPIO, ESTADO, DEPARTAMENTO_ID) values(308,'El Paujil',1,18);
INSERT INTO MUNICIPIOS (ID_MUNICIPIO, NOMBRE_MUNICIPIO, ESTADO, DEPARTAMENTO_ID) values(309,'El Peñol',1,52);
INSERT INTO MUNICIPIOS (ID_MUNICIPIO, NOMBRE_MUNICIPIO, ESTADO, DEPARTAMENTO_ID) values(310,'El Peñon',1,13);
INSERT INTO MUNICIPIOS (ID_MUNICIPIO, NOMBRE_MUNICIPIO, ESTADO, DEPARTAMENTO_ID) values(311,'El Peñon',1,68);
INSERT INTO MUNICIPIOS (ID_MUNICIPIO, NOMBRE_MUNICIPIO, ESTADO, DEPARTAMENTO_ID) values(312,'El Peñón',1,25);
INSERT INTO MUNICIPIOS (ID_MUNICIPIO, NOMBRE_MUNICIPIO, ESTADO, DEPARTAMENTO_ID) values(313,'El Piñon',1,47);
INSERT INTO MUNICIPIOS (ID_MUNICIPIO, NOMBRE_MUNICIPIO, ESTADO, DEPARTAMENTO_ID) values(314,'El Playón',1,68);
INSERT INTO MUNICIPIOS (ID_MUNICIPIO, NOMBRE_MUNICIPIO, ESTADO, DEPARTAMENTO_ID) values(315,'El Retorno',1,95);
INSERT INTO MUNICIPIOS (ID_MUNICIPIO, NOMBRE_MUNICIPIO, ESTADO, DEPARTAMENTO_ID) values(316,'El Retén',1,47);
INSERT INTO MUNICIPIOS (ID_MUNICIPIO, NOMBRE_MUNICIPIO, ESTADO, DEPARTAMENTO_ID) values(317,'El Roble',1,70);
INSERT INTO MUNICIPIOS (ID_MUNICIPIO, NOMBRE_MUNICIPIO, ESTADO, DEPARTAMENTO_ID) values(318,'El Rosal',1,25);
INSERT INTO MUNICIPIOS (ID_MUNICIPIO, NOMBRE_MUNICIPIO, ESTADO, DEPARTAMENTO_ID) values(319,'El Rosario',1,52);
INSERT INTO MUNICIPIOS (ID_MUNICIPIO, NOMBRE_MUNICIPIO, ESTADO, DEPARTAMENTO_ID) values(320,'El Tablón de Gómez',1,52);
INSERT INTO MUNICIPIOS (ID_MUNICIPIO, NOMBRE_MUNICIPIO, ESTADO, DEPARTAMENTO_ID) values(321,'El Tambo',1,19);
INSERT INTO MUNICIPIOS (ID_MUNICIPIO, NOMBRE_MUNICIPIO, ESTADO, DEPARTAMENTO_ID) values(322,'El Tambo',1,52);
INSERT INTO MUNICIPIOS (ID_MUNICIPIO, NOMBRE_MUNICIPIO, ESTADO, DEPARTAMENTO_ID) values(323,'El Tarra',1,54);
INSERT INTO MUNICIPIOS (ID_MUNICIPIO, NOMBRE_MUNICIPIO, ESTADO, DEPARTAMENTO_ID) values(324,'El Zulia',1,54);
INSERT INTO MUNICIPIOS (ID_MUNICIPIO, NOMBRE_MUNICIPIO, ESTADO, DEPARTAMENTO_ID) values(325,'El Águila',1,76);
INSERT INTO MUNICIPIOS (ID_MUNICIPIO, NOMBRE_MUNICIPIO, ESTADO, DEPARTAMENTO_ID) values(326,'Elías',1,41);
INSERT INTO MUNICIPIOS (ID_MUNICIPIO, NOMBRE_MUNICIPIO, ESTADO, DEPARTAMENTO_ID) values(327,'Encino',1,68);
INSERT INTO MUNICIPIOS (ID_MUNICIPIO, NOMBRE_MUNICIPIO, ESTADO, DEPARTAMENTO_ID) values(328,'Enciso',1,68);
INSERT INTO MUNICIPIOS (ID_MUNICIPIO, NOMBRE_MUNICIPIO, ESTADO, DEPARTAMENTO_ID) values(329,'Entrerríos',1,5);
INSERT INTO MUNICIPIOS (ID_MUNICIPIO, NOMBRE_MUNICIPIO, ESTADO, DEPARTAMENTO_ID) values(330,'Envigado',1,5);
INSERT INTO MUNICIPIOS (ID_MUNICIPIO, NOMBRE_MUNICIPIO, ESTADO, DEPARTAMENTO_ID) values(331,'Espinal',1,73);
INSERT INTO MUNICIPIOS (ID_MUNICIPIO, NOMBRE_MUNICIPIO, ESTADO, DEPARTAMENTO_ID) values(332,'Facatativá',1,25);
INSERT INTO MUNICIPIOS (ID_MUNICIPIO, NOMBRE_MUNICIPIO, ESTADO, DEPARTAMENTO_ID) values(333,'Falan',1,73);
INSERT INTO MUNICIPIOS (ID_MUNICIPIO, NOMBRE_MUNICIPIO, ESTADO, DEPARTAMENTO_ID) values(334,'Filadelfia',1,17);
INSERT INTO MUNICIPIOS (ID_MUNICIPIO, NOMBRE_MUNICIPIO, ESTADO, DEPARTAMENTO_ID) values(335,'Filandia',1,63);
INSERT INTO MUNICIPIOS (ID_MUNICIPIO, NOMBRE_MUNICIPIO, ESTADO, DEPARTAMENTO_ID) values(336,'Firavitoba',1,15);
INSERT INTO MUNICIPIOS (ID_MUNICIPIO, NOMBRE_MUNICIPIO, ESTADO, DEPARTAMENTO_ID) values(337,'Flandes',1,73);
INSERT INTO MUNICIPIOS (ID_MUNICIPIO, NOMBRE_MUNICIPIO, ESTADO, DEPARTAMENTO_ID) values(338,'Florencia',1,18);
INSERT INTO MUNICIPIOS (ID_MUNICIPIO, NOMBRE_MUNICIPIO, ESTADO, DEPARTAMENTO_ID) values(339,'Florencia',1,19);
INSERT INTO MUNICIPIOS (ID_MUNICIPIO, NOMBRE_MUNICIPIO, ESTADO, DEPARTAMENTO_ID) values(340,'Floresta',1,15);
INSERT INTO MUNICIPIOS (ID_MUNICIPIO, NOMBRE_MUNICIPIO, ESTADO, DEPARTAMENTO_ID) values(341,'Florida',1,76);
INSERT INTO MUNICIPIOS (ID_MUNICIPIO, NOMBRE_MUNICIPIO, ESTADO, DEPARTAMENTO_ID) values(342,'Floridablanca',1,68);
INSERT INTO MUNICIPIOS (ID_MUNICIPIO, NOMBRE_MUNICIPIO, ESTADO, DEPARTAMENTO_ID) values(343,'Florián',1,68);
INSERT INTO MUNICIPIOS (ID_MUNICIPIO, NOMBRE_MUNICIPIO, ESTADO, DEPARTAMENTO_ID) values(344,'Fonseca',1,44);
INSERT INTO MUNICIPIOS (ID_MUNICIPIO, NOMBRE_MUNICIPIO, ESTADO, DEPARTAMENTO_ID) values(345,'Fortúl',1,81);
INSERT INTO MUNICIPIOS (ID_MUNICIPIO, NOMBRE_MUNICIPIO, ESTADO, DEPARTAMENTO_ID) values(346,'Fosca',1,25);
INSERT INTO MUNICIPIOS (ID_MUNICIPIO, NOMBRE_MUNICIPIO, ESTADO, DEPARTAMENTO_ID) values(347,'Francisco Pizarro',1,52);
INSERT INTO MUNICIPIOS (ID_MUNICIPIO, NOMBRE_MUNICIPIO, ESTADO, DEPARTAMENTO_ID) values(348,'Fredonia',1,5);
INSERT INTO MUNICIPIOS (ID_MUNICIPIO, NOMBRE_MUNICIPIO, ESTADO, DEPARTAMENTO_ID) values(349,'Fresno',1,73);
INSERT INTO MUNICIPIOS (ID_MUNICIPIO, NOMBRE_MUNICIPIO, ESTADO, DEPARTAMENTO_ID) values(350,'Frontino',1,5);
INSERT INTO MUNICIPIOS (ID_MUNICIPIO, NOMBRE_MUNICIPIO, ESTADO, DEPARTAMENTO_ID) values(351,'Fuente de Oro',1,50);
INSERT INTO MUNICIPIOS (ID_MUNICIPIO, NOMBRE_MUNICIPIO, ESTADO, DEPARTAMENTO_ID) values(352,'Fundación',1,47);
INSERT INTO MUNICIPIOS (ID_MUNICIPIO, NOMBRE_MUNICIPIO, ESTADO, DEPARTAMENTO_ID) values(353,'Funes',1,52);
INSERT INTO MUNICIPIOS (ID_MUNICIPIO, NOMBRE_MUNICIPIO, ESTADO, DEPARTAMENTO_ID) values(354,'Funza',1,25);
INSERT INTO MUNICIPIOS (ID_MUNICIPIO, NOMBRE_MUNICIPIO, ESTADO, DEPARTAMENTO_ID) values(355,'Fusagasugá',1,25);
INSERT INTO MUNICIPIOS (ID_MUNICIPIO, NOMBRE_MUNICIPIO, ESTADO, DEPARTAMENTO_ID) values(356,'Fómeque',1,25);
INSERT INTO MUNICIPIOS (ID_MUNICIPIO, NOMBRE_MUNICIPIO, ESTADO, DEPARTAMENTO_ID) values(357,'Fúquene',1,25);
INSERT INTO MUNICIPIOS (ID_MUNICIPIO, NOMBRE_MUNICIPIO, ESTADO, DEPARTAMENTO_ID) values(358,'Gachalá',1,25);
INSERT INTO MUNICIPIOS (ID_MUNICIPIO, NOMBRE_MUNICIPIO, ESTADO, DEPARTAMENTO_ID) values(359,'Gachancipá',1,25);
INSERT INTO MUNICIPIOS (ID_MUNICIPIO, NOMBRE_MUNICIPIO, ESTADO, DEPARTAMENTO_ID) values(360,'Gachantivá',1,15);
INSERT INTO MUNICIPIOS (ID_MUNICIPIO, NOMBRE_MUNICIPIO, ESTADO, DEPARTAMENTO_ID) values(361,'Gachetá',1,25);
INSERT INTO MUNICIPIOS (ID_MUNICIPIO, NOMBRE_MUNICIPIO, ESTADO, DEPARTAMENTO_ID) values(362,'Galapa',1,8);
INSERT INTO MUNICIPIOS (ID_MUNICIPIO, NOMBRE_MUNICIPIO, ESTADO, DEPARTAMENTO_ID) values(363,'Galeras (Nueva Granada)',1,70);
INSERT INTO MUNICIPIOS (ID_MUNICIPIO, NOMBRE_MUNICIPIO, ESTADO, DEPARTAMENTO_ID) values(364,'Galán',1,68);
INSERT INTO MUNICIPIOS (ID_MUNICIPIO, NOMBRE_MUNICIPIO, ESTADO, DEPARTAMENTO_ID) values(365,'Gama',1,25);
INSERT INTO MUNICIPIOS (ID_MUNICIPIO, NOMBRE_MUNICIPIO, ESTADO, DEPARTAMENTO_ID) values(366,'Gamarra',1,20);
INSERT INTO MUNICIPIOS (ID_MUNICIPIO, NOMBRE_MUNICIPIO, ESTADO, DEPARTAMENTO_ID) values(367,'Garagoa',1,15);
INSERT INTO MUNICIPIOS (ID_MUNICIPIO, NOMBRE_MUNICIPIO, ESTADO, DEPARTAMENTO_ID) values(368,'Garzón',1,41);
INSERT INTO MUNICIPIOS (ID_MUNICIPIO, NOMBRE_MUNICIPIO, ESTADO, DEPARTAMENTO_ID) values(369,'Gigante',1,41);
INSERT INTO MUNICIPIOS (ID_MUNICIPIO, NOMBRE_MUNICIPIO, ESTADO, DEPARTAMENTO_ID) values(370,'Ginebra',1,76);
INSERT INTO MUNICIPIOS (ID_MUNICIPIO, NOMBRE_MUNICIPIO, ESTADO, DEPARTAMENTO_ID) values(371,'Giraldo',1,5);
INSERT INTO MUNICIPIOS (ID_MUNICIPIO, NOMBRE_MUNICIPIO, ESTADO, DEPARTAMENTO_ID) values(372,'Girardot',1,25);
INSERT INTO MUNICIPIOS (ID_MUNICIPIO, NOMBRE_MUNICIPIO, ESTADO, DEPARTAMENTO_ID) values(373,'Girardota',1,5);
INSERT INTO MUNICIPIOS (ID_MUNICIPIO, NOMBRE_MUNICIPIO, ESTADO, DEPARTAMENTO_ID) values(374,'Girón',1,68);
INSERT INTO MUNICIPIOS (ID_MUNICIPIO, NOMBRE_MUNICIPIO, ESTADO, DEPARTAMENTO_ID) values(375,'Gonzalez',1,20);
INSERT INTO MUNICIPIOS (ID_MUNICIPIO, NOMBRE_MUNICIPIO, ESTADO, DEPARTAMENTO_ID) values(376,'Gramalote',1,54);
INSERT INTO MUNICIPIOS (ID_MUNICIPIO, NOMBRE_MUNICIPIO, ESTADO, DEPARTAMENTO_ID) values(377,'Granada',1,5);
INSERT INTO MUNICIPIOS (ID_MUNICIPIO, NOMBRE_MUNICIPIO, ESTADO, DEPARTAMENTO_ID) values(378,'Granada',1,25);
INSERT INTO MUNICIPIOS (ID_MUNICIPIO, NOMBRE_MUNICIPIO, ESTADO, DEPARTAMENTO_ID) values(379,'Granada',1,50);
INSERT INTO MUNICIPIOS (ID_MUNICIPIO, NOMBRE_MUNICIPIO, ESTADO, DEPARTAMENTO_ID) values(380,'Guaca',1,68);
INSERT INTO MUNICIPIOS (ID_MUNICIPIO, NOMBRE_MUNICIPIO, ESTADO, DEPARTAMENTO_ID) values(381,'Guacamayas',1,15);
INSERT INTO MUNICIPIOS (ID_MUNICIPIO, NOMBRE_MUNICIPIO, ESTADO, DEPARTAMENTO_ID) values(382,'Guacarí',1,76);
INSERT INTO MUNICIPIOS (ID_MUNICIPIO, NOMBRE_MUNICIPIO, ESTADO, DEPARTAMENTO_ID) values(383,'Guachavés',1,52);
INSERT INTO MUNICIPIOS (ID_MUNICIPIO, NOMBRE_MUNICIPIO, ESTADO, DEPARTAMENTO_ID) values(384,'Guachené',1,19);
INSERT INTO MUNICIPIOS (ID_MUNICIPIO, NOMBRE_MUNICIPIO, ESTADO, DEPARTAMENTO_ID) values(385,'Guachetá',1,25);
INSERT INTO MUNICIPIOS (ID_MUNICIPIO, NOMBRE_MUNICIPIO, ESTADO, DEPARTAMENTO_ID) values(386,'Guachucal',1,52);
INSERT INTO MUNICIPIOS (ID_MUNICIPIO, NOMBRE_MUNICIPIO, ESTADO, DEPARTAMENTO_ID) values(387,'Guadalupe',1,5);
INSERT INTO MUNICIPIOS (ID_MUNICIPIO, NOMBRE_MUNICIPIO, ESTADO, DEPARTAMENTO_ID) values(388,'Guadalupe',1,41);
INSERT INTO MUNICIPIOS (ID_MUNICIPIO, NOMBRE_MUNICIPIO, ESTADO, DEPARTAMENTO_ID) values(389,'Guadalupe',1,68);
INSERT INTO MUNICIPIOS (ID_MUNICIPIO, NOMBRE_MUNICIPIO, ESTADO, DEPARTAMENTO_ID) values(390,'Guaduas',1,25);
INSERT INTO MUNICIPIOS (ID_MUNICIPIO, NOMBRE_MUNICIPIO, ESTADO, DEPARTAMENTO_ID) values(391,'Guaitarilla',1,52);
INSERT INTO MUNICIPIOS (ID_MUNICIPIO, NOMBRE_MUNICIPIO, ESTADO, DEPARTAMENTO_ID) values(392,'Gualmatán',1,52);
INSERT INTO MUNICIPIOS (ID_MUNICIPIO, NOMBRE_MUNICIPIO, ESTADO, DEPARTAMENTO_ID) values(393,'Guamal',1,47);
INSERT INTO MUNICIPIOS (ID_MUNICIPIO, NOMBRE_MUNICIPIO, ESTADO, DEPARTAMENTO_ID) values(394,'Guamal',1,50);
INSERT INTO MUNICIPIOS (ID_MUNICIPIO, NOMBRE_MUNICIPIO, ESTADO, DEPARTAMENTO_ID) values(395,'Guamo',1,73);
INSERT INTO MUNICIPIOS (ID_MUNICIPIO, NOMBRE_MUNICIPIO, ESTADO, DEPARTAMENTO_ID) values(396,'Guapota',1,68);
INSERT INTO MUNICIPIOS (ID_MUNICIPIO, NOMBRE_MUNICIPIO, ESTADO, DEPARTAMENTO_ID) values(397,'Guapí',1,19);
INSERT INTO MUNICIPIOS (ID_MUNICIPIO, NOMBRE_MUNICIPIO, ESTADO, DEPARTAMENTO_ID) values(398,'Guaranda',1,70);
INSERT INTO MUNICIPIOS (ID_MUNICIPIO, NOMBRE_MUNICIPIO, ESTADO, DEPARTAMENTO_ID) values(399,'Guarne',1,5);
INSERT INTO MUNICIPIOS (ID_MUNICIPIO, NOMBRE_MUNICIPIO, ESTADO, DEPARTAMENTO_ID) values(400,'Guasca',1,25);
INSERT INTO MUNICIPIOS (ID_MUNICIPIO, NOMBRE_MUNICIPIO, ESTADO, DEPARTAMENTO_ID) values(401,'Guatapé',1,5);
INSERT INTO MUNICIPIOS (ID_MUNICIPIO, NOMBRE_MUNICIPIO, ESTADO, DEPARTAMENTO_ID) values(402,'Guataquí',1,25);
INSERT INTO MUNICIPIOS (ID_MUNICIPIO, NOMBRE_MUNICIPIO, ESTADO, DEPARTAMENTO_ID) values(403,'Guatavita',1,25);
INSERT INTO MUNICIPIOS (ID_MUNICIPIO, NOMBRE_MUNICIPIO, ESTADO, DEPARTAMENTO_ID) values(404,'Guateque',1,15);
INSERT INTO MUNICIPIOS (ID_MUNICIPIO, NOMBRE_MUNICIPIO, ESTADO, DEPARTAMENTO_ID) values(405,'Guavatá',1,68);
INSERT INTO MUNICIPIOS (ID_MUNICIPIO, NOMBRE_MUNICIPIO, ESTADO, DEPARTAMENTO_ID) values(406,'Guayabal de Siquima',1,25);
INSERT INTO MUNICIPIOS (ID_MUNICIPIO, NOMBRE_MUNICIPIO, ESTADO, DEPARTAMENTO_ID) values(407,'Guayabetal',1,25);
INSERT INTO MUNICIPIOS (ID_MUNICIPIO, NOMBRE_MUNICIPIO, ESTADO, DEPARTAMENTO_ID) values(408,'Guayatá',1,15);
INSERT INTO MUNICIPIOS (ID_MUNICIPIO, NOMBRE_MUNICIPIO, ESTADO, DEPARTAMENTO_ID) values(409,'Guepsa',1,68);
INSERT INTO MUNICIPIOS (ID_MUNICIPIO, NOMBRE_MUNICIPIO, ESTADO, DEPARTAMENTO_ID) values(410,'Guicán',1,15);
INSERT INTO MUNICIPIOS (ID_MUNICIPIO, NOMBRE_MUNICIPIO, ESTADO, DEPARTAMENTO_ID) values(411,'Gutiérrez',1,25);
INSERT INTO MUNICIPIOS (ID_MUNICIPIO, NOMBRE_MUNICIPIO, ESTADO, DEPARTAMENTO_ID) values(412,'Guática',1,66);
INSERT INTO MUNICIPIOS (ID_MUNICIPIO, NOMBRE_MUNICIPIO, ESTADO, DEPARTAMENTO_ID) values(413,'Gámbita',1,68);
INSERT INTO MUNICIPIOS (ID_MUNICIPIO, NOMBRE_MUNICIPIO, ESTADO, DEPARTAMENTO_ID) values(414,'Gámeza',1,15);
INSERT INTO MUNICIPIOS (ID_MUNICIPIO, NOMBRE_MUNICIPIO, ESTADO, DEPARTAMENTO_ID) values(415,'Génova',1,63);
INSERT INTO MUNICIPIOS (ID_MUNICIPIO, NOMBRE_MUNICIPIO, ESTADO, DEPARTAMENTO_ID) values(416,'Gómez Plata',1,5);
INSERT INTO MUNICIPIOS (ID_MUNICIPIO, NOMBRE_MUNICIPIO, ESTADO, DEPARTAMENTO_ID) values(417,'Hacarí',1,54);
INSERT INTO MUNICIPIOS (ID_MUNICIPIO, NOMBRE_MUNICIPIO, ESTADO, DEPARTAMENTO_ID) values(418,'Hatillo de Loba',1,13);
INSERT INTO MUNICIPIOS (ID_MUNICIPIO, NOMBRE_MUNICIPIO, ESTADO, DEPARTAMENTO_ID) values(419,'Hato',1,68);
INSERT INTO MUNICIPIOS (ID_MUNICIPIO, NOMBRE_MUNICIPIO, ESTADO, DEPARTAMENTO_ID) values(420,'Hato Corozal',1,85);
INSERT INTO MUNICIPIOS (ID_MUNICIPIO, NOMBRE_MUNICIPIO, ESTADO, DEPARTAMENTO_ID) values(421,'Hatonuevo',1,44);
INSERT INTO MUNICIPIOS (ID_MUNICIPIO, NOMBRE_MUNICIPIO, ESTADO, DEPARTAMENTO_ID) values(422,'Heliconia',1,5);
INSERT INTO MUNICIPIOS (ID_MUNICIPIO, NOMBRE_MUNICIPIO, ESTADO, DEPARTAMENTO_ID) values(423,'Herrán',1,54);
INSERT INTO MUNICIPIOS (ID_MUNICIPIO, NOMBRE_MUNICIPIO, ESTADO, DEPARTAMENTO_ID) values(424,'Herveo',1,73);
INSERT INTO MUNICIPIOS (ID_MUNICIPIO, NOMBRE_MUNICIPIO, ESTADO, DEPARTAMENTO_ID) values(425,'Hispania',1,5);
INSERT INTO MUNICIPIOS (ID_MUNICIPIO, NOMBRE_MUNICIPIO, ESTADO, DEPARTAMENTO_ID) values(426,'Hobo',1,41);
INSERT INTO MUNICIPIOS (ID_MUNICIPIO, NOMBRE_MUNICIPIO, ESTADO, DEPARTAMENTO_ID) values(427,'Honda',1,73);
INSERT INTO MUNICIPIOS (ID_MUNICIPIO, NOMBRE_MUNICIPIO, ESTADO, DEPARTAMENTO_ID) values(428,'Ibagué',1,73);
INSERT INTO MUNICIPIOS (ID_MUNICIPIO, NOMBRE_MUNICIPIO, ESTADO, DEPARTAMENTO_ID) values(429,'Icononzo',1,73);
INSERT INTO MUNICIPIOS (ID_MUNICIPIO, NOMBRE_MUNICIPIO, ESTADO, DEPARTAMENTO_ID) values(430,'Iles',1,52);
INSERT INTO MUNICIPIOS (ID_MUNICIPIO, NOMBRE_MUNICIPIO, ESTADO, DEPARTAMENTO_ID) values(431,'Imúes',1,52);
INSERT INTO MUNICIPIOS (ID_MUNICIPIO, NOMBRE_MUNICIPIO, ESTADO, DEPARTAMENTO_ID) values(432,'Inzá',1,19);
INSERT INTO MUNICIPIOS (ID_MUNICIPIO, NOMBRE_MUNICIPIO, ESTADO, DEPARTAMENTO_ID) values(433,'Inírida',1,94);
INSERT INTO MUNICIPIOS (ID_MUNICIPIO, NOMBRE_MUNICIPIO, ESTADO, DEPARTAMENTO_ID) values(434,'Ipiales',1,52);
INSERT INTO MUNICIPIOS (ID_MUNICIPIO, NOMBRE_MUNICIPIO, ESTADO, DEPARTAMENTO_ID) values(435,'Isnos',1,41);
INSERT INTO MUNICIPIOS (ID_MUNICIPIO, NOMBRE_MUNICIPIO, ESTADO, DEPARTAMENTO_ID) values(436,'Istmina',1,27);
INSERT INTO MUNICIPIOS (ID_MUNICIPIO, NOMBRE_MUNICIPIO, ESTADO, DEPARTAMENTO_ID) values(437,'Itagüí',1,5);
INSERT INTO MUNICIPIOS (ID_MUNICIPIO, NOMBRE_MUNICIPIO, ESTADO, DEPARTAMENTO_ID) values(438,'Ituango',1,5);
INSERT INTO MUNICIPIOS (ID_MUNICIPIO, NOMBRE_MUNICIPIO, ESTADO, DEPARTAMENTO_ID) values(439,'Izá',1,15);
INSERT INTO MUNICIPIOS (ID_MUNICIPIO, NOMBRE_MUNICIPIO, ESTADO, DEPARTAMENTO_ID) values(440,'Jambaló',1,19);
INSERT INTO MUNICIPIOS (ID_MUNICIPIO, NOMBRE_MUNICIPIO, ESTADO, DEPARTAMENTO_ID) values(441,'Jamundí',1,76);
INSERT INTO MUNICIPIOS (ID_MUNICIPIO, NOMBRE_MUNICIPIO, ESTADO, DEPARTAMENTO_ID) values(442,'Jardín',1,5);
INSERT INTO MUNICIPIOS (ID_MUNICIPIO, NOMBRE_MUNICIPIO, ESTADO, DEPARTAMENTO_ID) values(443,'Jenesano',1,15);
INSERT INTO MUNICIPIOS (ID_MUNICIPIO, NOMBRE_MUNICIPIO, ESTADO, DEPARTAMENTO_ID) values(444,'Jericó',1,5);
INSERT INTO MUNICIPIOS (ID_MUNICIPIO, NOMBRE_MUNICIPIO, ESTADO, DEPARTAMENTO_ID) values(445,'Jericó',1,15);
INSERT INTO MUNICIPIOS (ID_MUNICIPIO, NOMBRE_MUNICIPIO, ESTADO, DEPARTAMENTO_ID) values(446,'Jerusalén',1,25);
INSERT INTO MUNICIPIOS (ID_MUNICIPIO, NOMBRE_MUNICIPIO, ESTADO, DEPARTAMENTO_ID) values(447,'Jesús María',1,68);
INSERT INTO MUNICIPIOS (ID_MUNICIPIO, NOMBRE_MUNICIPIO, ESTADO, DEPARTAMENTO_ID) values(448,'Jordán',1,68);
INSERT INTO MUNICIPIOS (ID_MUNICIPIO, NOMBRE_MUNICIPIO, ESTADO, DEPARTAMENTO_ID) values(449,'Juan de Acosta',1,8);
INSERT INTO MUNICIPIOS (ID_MUNICIPIO, NOMBRE_MUNICIPIO, ESTADO, DEPARTAMENTO_ID) values(450,'Junín',1,25);
INSERT INTO MUNICIPIOS (ID_MUNICIPIO, NOMBRE_MUNICIPIO, ESTADO, DEPARTAMENTO_ID) values(451,'Juradó',1,27);
INSERT INTO MUNICIPIOS (ID_MUNICIPIO, NOMBRE_MUNICIPIO, ESTADO, DEPARTAMENTO_ID) values(452,'La Apartada y La Frontera',1,23);
INSERT INTO MUNICIPIOS (ID_MUNICIPIO, NOMBRE_MUNICIPIO, ESTADO, DEPARTAMENTO_ID) values(453,'La Argentina',1,41);
INSERT INTO MUNICIPIOS (ID_MUNICIPIO, NOMBRE_MUNICIPIO, ESTADO, DEPARTAMENTO_ID) values(454,'La Belleza',1,68);
INSERT INTO MUNICIPIOS (ID_MUNICIPIO, NOMBRE_MUNICIPIO, ESTADO, DEPARTAMENTO_ID) values(455,'La Calera',1,25);
INSERT INTO MUNICIPIOS (ID_MUNICIPIO, NOMBRE_MUNICIPIO, ESTADO, DEPARTAMENTO_ID) values(456,'La Capilla',1,15);
INSERT INTO MUNICIPIOS (ID_MUNICIPIO, NOMBRE_MUNICIPIO, ESTADO, DEPARTAMENTO_ID) values(457,'La Ceja',1,5);
INSERT INTO MUNICIPIOS (ID_MUNICIPIO, NOMBRE_MUNICIPIO, ESTADO, DEPARTAMENTO_ID) values(458,'La Celia',1,66);
INSERT INTO MUNICIPIOS (ID_MUNICIPIO, NOMBRE_MUNICIPIO, ESTADO, DEPARTAMENTO_ID) values(459,'La Cruz',1,52);
INSERT INTO MUNICIPIOS (ID_MUNICIPIO, NOMBRE_MUNICIPIO, ESTADO, DEPARTAMENTO_ID) values(460,'La Cumbre',1,76);
INSERT INTO MUNICIPIOS (ID_MUNICIPIO, NOMBRE_MUNICIPIO, ESTADO, DEPARTAMENTO_ID) values(461,'La Dorada',1,17);
INSERT INTO MUNICIPIOS (ID_MUNICIPIO, NOMBRE_MUNICIPIO, ESTADO, DEPARTAMENTO_ID) values(462,'La Esperanza',1,54);
INSERT INTO MUNICIPIOS (ID_MUNICIPIO, NOMBRE_MUNICIPIO, ESTADO, DEPARTAMENTO_ID) values(463,'La Estrella',1,5);
INSERT INTO MUNICIPIOS (ID_MUNICIPIO, NOMBRE_MUNICIPIO, ESTADO, DEPARTAMENTO_ID) values(464,'La Florida',1,52);
INSERT INTO MUNICIPIOS (ID_MUNICIPIO, NOMBRE_MUNICIPIO, ESTADO, DEPARTAMENTO_ID) values(465,'La Gloria',1,20);
INSERT INTO MUNICIPIOS (ID_MUNICIPIO, NOMBRE_MUNICIPIO, ESTADO, DEPARTAMENTO_ID) values(466,'La Jagua de Ibirico',1,20);
INSERT INTO MUNICIPIOS (ID_MUNICIPIO, NOMBRE_MUNICIPIO, ESTADO, DEPARTAMENTO_ID) values(467,'La Jagua del Pilar',1,44);
INSERT INTO MUNICIPIOS (ID_MUNICIPIO, NOMBRE_MUNICIPIO, ESTADO, DEPARTAMENTO_ID) values(468,'La Llanada',1,52);
INSERT INTO MUNICIPIOS (ID_MUNICIPIO, NOMBRE_MUNICIPIO, ESTADO, DEPARTAMENTO_ID) values(469,'La Macarena',1,50);
INSERT INTO MUNICIPIOS (ID_MUNICIPIO, NOMBRE_MUNICIPIO, ESTADO, DEPARTAMENTO_ID) values(470,'La Merced',1,17);
INSERT INTO MUNICIPIOS (ID_MUNICIPIO, NOMBRE_MUNICIPIO, ESTADO, DEPARTAMENTO_ID) values(471,'La Mesa',1,25);
INSERT INTO MUNICIPIOS (ID_MUNICIPIO, NOMBRE_MUNICIPIO, ESTADO, DEPARTAMENTO_ID) values(472,'La Montañita',1,18);
INSERT INTO MUNICIPIOS (ID_MUNICIPIO, NOMBRE_MUNICIPIO, ESTADO, DEPARTAMENTO_ID) values(473,'La Palma',1,25);
INSERT INTO MUNICIPIOS (ID_MUNICIPIO, NOMBRE_MUNICIPIO, ESTADO, DEPARTAMENTO_ID) values(474,'La Paz',1,68);
INSERT INTO MUNICIPIOS (ID_MUNICIPIO, NOMBRE_MUNICIPIO, ESTADO, DEPARTAMENTO_ID) values(475,'La Paz (Robles)',1,20);
INSERT INTO MUNICIPIOS (ID_MUNICIPIO, NOMBRE_MUNICIPIO, ESTADO, DEPARTAMENTO_ID) values(476,'La Peña',1,25);
INSERT INTO MUNICIPIOS (ID_MUNICIPIO, NOMBRE_MUNICIPIO, ESTADO, DEPARTAMENTO_ID) values(477,'La Pintada',1,5);
INSERT INTO MUNICIPIOS (ID_MUNICIPIO, NOMBRE_MUNICIPIO, ESTADO, DEPARTAMENTO_ID) values(478,'La Plata',1,41);
INSERT INTO MUNICIPIOS (ID_MUNICIPIO, NOMBRE_MUNICIPIO, ESTADO, DEPARTAMENTO_ID) values(479,'La Playa',1,54);
INSERT INTO MUNICIPIOS (ID_MUNICIPIO, NOMBRE_MUNICIPIO, ESTADO, DEPARTAMENTO_ID) values(480,'La Primavera',1,99);
INSERT INTO MUNICIPIOS (ID_MUNICIPIO, NOMBRE_MUNICIPIO, ESTADO, DEPARTAMENTO_ID) values(481,'La Salina',1,85);
INSERT INTO MUNICIPIOS (ID_MUNICIPIO, NOMBRE_MUNICIPIO, ESTADO, DEPARTAMENTO_ID) values(482,'La Sierra',1,19);
INSERT INTO MUNICIPIOS (ID_MUNICIPIO, NOMBRE_MUNICIPIO, ESTADO, DEPARTAMENTO_ID) values(483,'La Tebaida',1,63);
INSERT INTO MUNICIPIOS (ID_MUNICIPIO, NOMBRE_MUNICIPIO, ESTADO, DEPARTAMENTO_ID) values(484,'La Tola',1,52);
INSERT INTO MUNICIPIOS (ID_MUNICIPIO, NOMBRE_MUNICIPIO, ESTADO, DEPARTAMENTO_ID) values(485,'La Unión',1,5);
INSERT INTO MUNICIPIOS (ID_MUNICIPIO, NOMBRE_MUNICIPIO, ESTADO, DEPARTAMENTO_ID) values(486,'La Unión',1,52);
INSERT INTO MUNICIPIOS (ID_MUNICIPIO, NOMBRE_MUNICIPIO, ESTADO, DEPARTAMENTO_ID) values(487,'La Unión',1,70);
INSERT INTO MUNICIPIOS (ID_MUNICIPIO, NOMBRE_MUNICIPIO, ESTADO, DEPARTAMENTO_ID) values(488,'La Unión',1,76);
INSERT INTO MUNICIPIOS (ID_MUNICIPIO, NOMBRE_MUNICIPIO, ESTADO, DEPARTAMENTO_ID) values(489,'La Uvita',1,15);
INSERT INTO MUNICIPIOS (ID_MUNICIPIO, NOMBRE_MUNICIPIO, ESTADO, DEPARTAMENTO_ID) values(490,'La Vega',1,19);
INSERT INTO MUNICIPIOS (ID_MUNICIPIO, NOMBRE_MUNICIPIO, ESTADO, DEPARTAMENTO_ID) values(491,'La Vega',1,25);
INSERT INTO MUNICIPIOS (ID_MUNICIPIO, NOMBRE_MUNICIPIO, ESTADO, DEPARTAMENTO_ID) values(492,'La Victoria',1,15);
INSERT INTO MUNICIPIOS (ID_MUNICIPIO, NOMBRE_MUNICIPIO, ESTADO, DEPARTAMENTO_ID) values(493,'La Victoria',1,17);
INSERT INTO MUNICIPIOS (ID_MUNICIPIO, NOMBRE_MUNICIPIO, ESTADO, DEPARTAMENTO_ID) values(494,'La Victoria',1,76);
INSERT INTO MUNICIPIOS (ID_MUNICIPIO, NOMBRE_MUNICIPIO, ESTADO, DEPARTAMENTO_ID) values(495,'La Virginia',1,66);
INSERT INTO MUNICIPIOS (ID_MUNICIPIO, NOMBRE_MUNICIPIO, ESTADO, DEPARTAMENTO_ID) values(496,'Labateca',1,54);
INSERT INTO MUNICIPIOS (ID_MUNICIPIO, NOMBRE_MUNICIPIO, ESTADO, DEPARTAMENTO_ID) values(497,'Labranzagrande',1,15);
INSERT INTO MUNICIPIOS (ID_MUNICIPIO, NOMBRE_MUNICIPIO, ESTADO, DEPARTAMENTO_ID) values(498,'Landázuri',1,68);
INSERT INTO MUNICIPIOS (ID_MUNICIPIO, NOMBRE_MUNICIPIO, ESTADO, DEPARTAMENTO_ID) values(499,'Lebrija',1,68);
INSERT INTO MUNICIPIOS (ID_MUNICIPIO, NOMBRE_MUNICIPIO, ESTADO, DEPARTAMENTO_ID) values(500,'Leiva',1,52);
INSERT INTO MUNICIPIOS (ID_MUNICIPIO, NOMBRE_MUNICIPIO, ESTADO, DEPARTAMENTO_ID) values(501,'Lejanías',1,50);
INSERT INTO MUNICIPIOS (ID_MUNICIPIO, NOMBRE_MUNICIPIO, ESTADO, DEPARTAMENTO_ID) values(502,'Lenguazaque',1,25);
INSERT INTO MUNICIPIOS (ID_MUNICIPIO, NOMBRE_MUNICIPIO, ESTADO, DEPARTAMENTO_ID) values(503,'Leticia',1,91);
INSERT INTO MUNICIPIOS (ID_MUNICIPIO, NOMBRE_MUNICIPIO, ESTADO, DEPARTAMENTO_ID) values(504,'Liborina',1,5);
INSERT INTO MUNICIPIOS (ID_MUNICIPIO, NOMBRE_MUNICIPIO, ESTADO, DEPARTAMENTO_ID) values(505,'Linares',1,52);
INSERT INTO MUNICIPIOS (ID_MUNICIPIO, NOMBRE_MUNICIPIO, ESTADO, DEPARTAMENTO_ID) values(506,'Lloró',1,27);
INSERT INTO MUNICIPIOS (ID_MUNICIPIO, NOMBRE_MUNICIPIO, ESTADO, DEPARTAMENTO_ID) values(507,'Lorica',1,23);
INSERT INTO MUNICIPIOS (ID_MUNICIPIO, NOMBRE_MUNICIPIO, ESTADO, DEPARTAMENTO_ID) values(508,'Los Córdobas',1,23);
INSERT INTO MUNICIPIOS (ID_MUNICIPIO, NOMBRE_MUNICIPIO, ESTADO, DEPARTAMENTO_ID) values(509,'Los Palmitos',1,70);
INSERT INTO MUNICIPIOS (ID_MUNICIPIO, NOMBRE_MUNICIPIO, ESTADO, DEPARTAMENTO_ID) values(510,'Los Patios',1,54);
INSERT INTO MUNICIPIOS (ID_MUNICIPIO, NOMBRE_MUNICIPIO, ESTADO, DEPARTAMENTO_ID) values(511,'Los Santos',1,68);
INSERT INTO MUNICIPIOS (ID_MUNICIPIO, NOMBRE_MUNICIPIO, ESTADO, DEPARTAMENTO_ID) values(512,'Lourdes',1,54);
INSERT INTO MUNICIPIOS (ID_MUNICIPIO, NOMBRE_MUNICIPIO, ESTADO, DEPARTAMENTO_ID) values(513,'Luruaco',1,8);
INSERT INTO MUNICIPIOS (ID_MUNICIPIO, NOMBRE_MUNICIPIO, ESTADO, DEPARTAMENTO_ID) values(514,'Lérida',1,73);
INSERT INTO MUNICIPIOS (ID_MUNICIPIO, NOMBRE_MUNICIPIO, ESTADO, DEPARTAMENTO_ID) values(515,'Líbano',1,73);
INSERT INTO MUNICIPIOS (ID_MUNICIPIO, NOMBRE_MUNICIPIO, ESTADO, DEPARTAMENTO_ID) values(516,'López (Micay)',1,19);
INSERT INTO MUNICIPIOS (ID_MUNICIPIO, NOMBRE_MUNICIPIO, ESTADO, DEPARTAMENTO_ID) values(517,'Macanal',1,15);
INSERT INTO MUNICIPIOS (ID_MUNICIPIO, NOMBRE_MUNICIPIO, ESTADO, DEPARTAMENTO_ID) values(518,'Macaravita',1,68);
INSERT INTO MUNICIPIOS (ID_MUNICIPIO, NOMBRE_MUNICIPIO, ESTADO, DEPARTAMENTO_ID) values(519,'Maceo',1,5);
INSERT INTO MUNICIPIOS (ID_MUNICIPIO, NOMBRE_MUNICIPIO, ESTADO, DEPARTAMENTO_ID) values(520,'Machetá',1,25);
INSERT INTO MUNICIPIOS (ID_MUNICIPIO, NOMBRE_MUNICIPIO, ESTADO, DEPARTAMENTO_ID) values(521,'Madrid',1,25);
INSERT INTO MUNICIPIOS (ID_MUNICIPIO, NOMBRE_MUNICIPIO, ESTADO, DEPARTAMENTO_ID) values(522,'Magangué',1,13);
INSERT INTO MUNICIPIOS (ID_MUNICIPIO, NOMBRE_MUNICIPIO, ESTADO, DEPARTAMENTO_ID) values(523,'Magüi (Payán)',1,52);
INSERT INTO MUNICIPIOS (ID_MUNICIPIO, NOMBRE_MUNICIPIO, ESTADO, DEPARTAMENTO_ID) values(524,'Mahates',1,13);
INSERT INTO MUNICIPIOS (ID_MUNICIPIO, NOMBRE_MUNICIPIO, ESTADO, DEPARTAMENTO_ID) values(525,'Maicao',1,44);
INSERT INTO MUNICIPIOS (ID_MUNICIPIO, NOMBRE_MUNICIPIO, ESTADO, DEPARTAMENTO_ID) values(526,'Majagual',1,70);
INSERT INTO MUNICIPIOS (ID_MUNICIPIO, NOMBRE_MUNICIPIO, ESTADO, DEPARTAMENTO_ID) values(527,'Malambo',1,8);
INSERT INTO MUNICIPIOS (ID_MUNICIPIO, NOMBRE_MUNICIPIO, ESTADO, DEPARTAMENTO_ID) values(528,'Mallama (Piedrancha)',1,52);
INSERT INTO MUNICIPIOS (ID_MUNICIPIO, NOMBRE_MUNICIPIO, ESTADO, DEPARTAMENTO_ID) values(529,'Manatí',1,8);
INSERT INTO MUNICIPIOS (ID_MUNICIPIO, NOMBRE_MUNICIPIO, ESTADO, DEPARTAMENTO_ID) values(530,'Manaure',1,44);
INSERT INTO MUNICIPIOS (ID_MUNICIPIO, NOMBRE_MUNICIPIO, ESTADO, DEPARTAMENTO_ID) values(531,'Manaure Balcón del Cesar',1,20);
INSERT INTO MUNICIPIOS (ID_MUNICIPIO, NOMBRE_MUNICIPIO, ESTADO, DEPARTAMENTO_ID) values(532,'Manizales',1,17);
INSERT INTO MUNICIPIOS (ID_MUNICIPIO, NOMBRE_MUNICIPIO, ESTADO, DEPARTAMENTO_ID) values(533,'Manta',1,25);
INSERT INTO MUNICIPIOS (ID_MUNICIPIO, NOMBRE_MUNICIPIO, ESTADO, DEPARTAMENTO_ID) values(534,'Manzanares',1,17);
INSERT INTO MUNICIPIOS (ID_MUNICIPIO, NOMBRE_MUNICIPIO, ESTADO, DEPARTAMENTO_ID) values(535,'Maní',1,85);
INSERT INTO MUNICIPIOS (ID_MUNICIPIO, NOMBRE_MUNICIPIO, ESTADO, DEPARTAMENTO_ID) values(536,'Mapiripan',1,50);
INSERT INTO MUNICIPIOS (ID_MUNICIPIO, NOMBRE_MUNICIPIO, ESTADO, DEPARTAMENTO_ID) values(537,'Margarita',1,13);
INSERT INTO MUNICIPIOS (ID_MUNICIPIO, NOMBRE_MUNICIPIO, ESTADO, DEPARTAMENTO_ID) values(538,'Marinilla',1,5);
INSERT INTO MUNICIPIOS (ID_MUNICIPIO, NOMBRE_MUNICIPIO, ESTADO, DEPARTAMENTO_ID) values(539,'Maripí',1,15);
INSERT INTO MUNICIPIOS (ID_MUNICIPIO, NOMBRE_MUNICIPIO, ESTADO, DEPARTAMENTO_ID) values(540,'Mariquita',1,73);
INSERT INTO MUNICIPIOS (ID_MUNICIPIO, NOMBRE_MUNICIPIO, ESTADO, DEPARTAMENTO_ID) values(541,'Marmato',1,17);
INSERT INTO MUNICIPIOS (ID_MUNICIPIO, NOMBRE_MUNICIPIO, ESTADO, DEPARTAMENTO_ID) values(542,'Marquetalia',1,17);
INSERT INTO MUNICIPIOS (ID_MUNICIPIO, NOMBRE_MUNICIPIO, ESTADO, DEPARTAMENTO_ID) values(543,'Marsella',1,66);
INSERT INTO MUNICIPIOS (ID_MUNICIPIO, NOMBRE_MUNICIPIO, ESTADO, DEPARTAMENTO_ID) values(544,'Marulanda',1,17);
INSERT INTO MUNICIPIOS (ID_MUNICIPIO, NOMBRE_MUNICIPIO, ESTADO, DEPARTAMENTO_ID) values(545,'María la Baja',1,13);
INSERT INTO MUNICIPIOS (ID_MUNICIPIO, NOMBRE_MUNICIPIO, ESTADO, DEPARTAMENTO_ID) values(546,'Matanza',1,68);
INSERT INTO MUNICIPIOS (ID_MUNICIPIO, NOMBRE_MUNICIPIO, ESTADO, DEPARTAMENTO_ID) values(547,'Medellín',1,5);
INSERT INTO MUNICIPIOS (ID_MUNICIPIO, NOMBRE_MUNICIPIO, ESTADO, DEPARTAMENTO_ID) values(548,'Medina',1,25);
INSERT INTO MUNICIPIOS (ID_MUNICIPIO, NOMBRE_MUNICIPIO, ESTADO, DEPARTAMENTO_ID) values(549,'Medio Atrato',1,27);
INSERT INTO MUNICIPIOS (ID_MUNICIPIO, NOMBRE_MUNICIPIO, ESTADO, DEPARTAMENTO_ID) values(550,'Medio Baudó',1,27);
INSERT INTO MUNICIPIOS (ID_MUNICIPIO, NOMBRE_MUNICIPIO, ESTADO, DEPARTAMENTO_ID) values(551,'Medio San Juan (ANDAGOYA)',1,27);
INSERT INTO MUNICIPIOS (ID_MUNICIPIO, NOMBRE_MUNICIPIO, ESTADO, DEPARTAMENTO_ID) values(552,'Melgar',1,73);
INSERT INTO MUNICIPIOS (ID_MUNICIPIO, NOMBRE_MUNICIPIO, ESTADO, DEPARTAMENTO_ID) values(553,'Mercaderes',1,19);
INSERT INTO MUNICIPIOS (ID_MUNICIPIO, NOMBRE_MUNICIPIO, ESTADO, DEPARTAMENTO_ID) values(554,'Mesetas',1,50);
INSERT INTO MUNICIPIOS (ID_MUNICIPIO, NOMBRE_MUNICIPIO, ESTADO, DEPARTAMENTO_ID) values(555,'Milán',1,18);
INSERT INTO MUNICIPIOS (ID_MUNICIPIO, NOMBRE_MUNICIPIO, ESTADO, DEPARTAMENTO_ID) values(556,'Miraflores',1,15);
INSERT INTO MUNICIPIOS (ID_MUNICIPIO, NOMBRE_MUNICIPIO, ESTADO, DEPARTAMENTO_ID) values(557,'Miraflores',1,95);
INSERT INTO MUNICIPIOS (ID_MUNICIPIO, NOMBRE_MUNICIPIO, ESTADO, DEPARTAMENTO_ID) values(558,'Miranda',1,19);
INSERT INTO MUNICIPIOS (ID_MUNICIPIO, NOMBRE_MUNICIPIO, ESTADO, DEPARTAMENTO_ID) values(559,'Mistrató',1,66);
INSERT INTO MUNICIPIOS (ID_MUNICIPIO, NOMBRE_MUNICIPIO, ESTADO, DEPARTAMENTO_ID) values(560,'Mitú',1,97);
INSERT INTO MUNICIPIOS (ID_MUNICIPIO, NOMBRE_MUNICIPIO, ESTADO, DEPARTAMENTO_ID) values(561,'Mocoa',1,86);
INSERT INTO MUNICIPIOS (ID_MUNICIPIO, NOMBRE_MUNICIPIO, ESTADO, DEPARTAMENTO_ID) values(562,'Mogotes',1,68);
INSERT INTO MUNICIPIOS (ID_MUNICIPIO, NOMBRE_MUNICIPIO, ESTADO, DEPARTAMENTO_ID) values(563,'Molagavita',1,68);
INSERT INTO MUNICIPIOS (ID_MUNICIPIO, NOMBRE_MUNICIPIO, ESTADO, DEPARTAMENTO_ID) values(564,'Momil',1,23);
INSERT INTO MUNICIPIOS (ID_MUNICIPIO, NOMBRE_MUNICIPIO, ESTADO, DEPARTAMENTO_ID) values(565,'Mompós',1,13);
INSERT INTO MUNICIPIOS (ID_MUNICIPIO, NOMBRE_MUNICIPIO, ESTADO, DEPARTAMENTO_ID) values(566,'Mongua',1,15);
INSERT INTO MUNICIPIOS (ID_MUNICIPIO, NOMBRE_MUNICIPIO, ESTADO, DEPARTAMENTO_ID) values(567,'Monguí',1,15);
INSERT INTO MUNICIPIOS (ID_MUNICIPIO, NOMBRE_MUNICIPIO, ESTADO, DEPARTAMENTO_ID) values(568,'Moniquirá',1,15);
INSERT INTO MUNICIPIOS (ID_MUNICIPIO, NOMBRE_MUNICIPIO, ESTADO, DEPARTAMENTO_ID) values(569,'Montebello',1,5);
INSERT INTO MUNICIPIOS (ID_MUNICIPIO, NOMBRE_MUNICIPIO, ESTADO, DEPARTAMENTO_ID) values(570,'Montecristo',1,13);
INSERT INTO MUNICIPIOS (ID_MUNICIPIO, NOMBRE_MUNICIPIO, ESTADO, DEPARTAMENTO_ID) values(571,'Montelíbano',1,23);
INSERT INTO MUNICIPIOS (ID_MUNICIPIO, NOMBRE_MUNICIPIO, ESTADO, DEPARTAMENTO_ID) values(572,'Montenegro',1,63);
INSERT INTO MUNICIPIOS (ID_MUNICIPIO, NOMBRE_MUNICIPIO, ESTADO, DEPARTAMENTO_ID) values(573,'Monteria',1,23);
INSERT INTO MUNICIPIOS (ID_MUNICIPIO, NOMBRE_MUNICIPIO, ESTADO, DEPARTAMENTO_ID) values(574,'Monterrey',1,85);
INSERT INTO MUNICIPIOS (ID_MUNICIPIO, NOMBRE_MUNICIPIO, ESTADO, DEPARTAMENTO_ID) values(575,'Morales',1,13);
INSERT INTO MUNICIPIOS (ID_MUNICIPIO, NOMBRE_MUNICIPIO, ESTADO, DEPARTAMENTO_ID) values(576,'Morales',1,19);
INSERT INTO MUNICIPIOS (ID_MUNICIPIO, NOMBRE_MUNICIPIO, ESTADO, DEPARTAMENTO_ID) values(577,'Morelia',1,18);
INSERT INTO MUNICIPIOS (ID_MUNICIPIO, NOMBRE_MUNICIPIO, ESTADO, DEPARTAMENTO_ID) values(578,'Morroa',1,70);
INSERT INTO MUNICIPIOS (ID_MUNICIPIO, NOMBRE_MUNICIPIO, ESTADO, DEPARTAMENTO_ID) values(579,'Mosquera',1,25);
INSERT INTO MUNICIPIOS (ID_MUNICIPIO, NOMBRE_MUNICIPIO, ESTADO, DEPARTAMENTO_ID) values(580,'Mosquera',1,52);
INSERT INTO MUNICIPIOS (ID_MUNICIPIO, NOMBRE_MUNICIPIO, ESTADO, DEPARTAMENTO_ID) values(581,'Motavita',1,15);
INSERT INTO MUNICIPIOS (ID_MUNICIPIO, NOMBRE_MUNICIPIO, ESTADO, DEPARTAMENTO_ID) values(582,'Moñitos',1,23);
INSERT INTO MUNICIPIOS (ID_MUNICIPIO, NOMBRE_MUNICIPIO, ESTADO, DEPARTAMENTO_ID) values(583,'Murillo',1,73);
INSERT INTO MUNICIPIOS (ID_MUNICIPIO, NOMBRE_MUNICIPIO, ESTADO, DEPARTAMENTO_ID) values(584,'Murindó',1,5);
INSERT INTO MUNICIPIOS (ID_MUNICIPIO, NOMBRE_MUNICIPIO, ESTADO, DEPARTAMENTO_ID) values(585,'Mutatá',1,5);
INSERT INTO MUNICIPIOS (ID_MUNICIPIO, NOMBRE_MUNICIPIO, ESTADO, DEPARTAMENTO_ID) values(586,'Mutiscua',1,54);
INSERT INTO MUNICIPIOS (ID_MUNICIPIO, NOMBRE_MUNICIPIO, ESTADO, DEPARTAMENTO_ID) values(587,'Muzo',1,15);
INSERT INTO MUNICIPIOS (ID_MUNICIPIO, NOMBRE_MUNICIPIO, ESTADO, DEPARTAMENTO_ID) values(588,'Málaga',1,68);
INSERT INTO MUNICIPIOS (ID_MUNICIPIO, NOMBRE_MUNICIPIO, ESTADO, DEPARTAMENTO_ID) values(589,'Nariño',1,5);
INSERT INTO MUNICIPIOS (ID_MUNICIPIO, NOMBRE_MUNICIPIO, ESTADO, DEPARTAMENTO_ID) values(590,'Nariño',1,25);
INSERT INTO MUNICIPIOS (ID_MUNICIPIO, NOMBRE_MUNICIPIO, ESTADO, DEPARTAMENTO_ID) values(591,'Nariño',1,52);
INSERT INTO MUNICIPIOS (ID_MUNICIPIO, NOMBRE_MUNICIPIO, ESTADO, DEPARTAMENTO_ID) values(592,'Natagaima',1,73);
INSERT INTO MUNICIPIOS (ID_MUNICIPIO, NOMBRE_MUNICIPIO, ESTADO, DEPARTAMENTO_ID) values(593,'Nechí',1,5);
INSERT INTO MUNICIPIOS (ID_MUNICIPIO, NOMBRE_MUNICIPIO, ESTADO, DEPARTAMENTO_ID) values(594,'Necoclí',1,5);
INSERT INTO MUNICIPIOS (ID_MUNICIPIO, NOMBRE_MUNICIPIO, ESTADO, DEPARTAMENTO_ID) values(595,'Neira',1,17);
INSERT INTO MUNICIPIOS (ID_MUNICIPIO, NOMBRE_MUNICIPIO, ESTADO, DEPARTAMENTO_ID) values(596,'Neiva',1,41);
INSERT INTO MUNICIPIOS (ID_MUNICIPIO, NOMBRE_MUNICIPIO, ESTADO, DEPARTAMENTO_ID) values(597,'Nemocón',1,25);
INSERT INTO MUNICIPIOS (ID_MUNICIPIO, NOMBRE_MUNICIPIO, ESTADO, DEPARTAMENTO_ID) values(598,'Nilo',1,25);
INSERT INTO MUNICIPIOS (ID_MUNICIPIO, NOMBRE_MUNICIPIO, ESTADO, DEPARTAMENTO_ID) values(599,'Nimaima',1,25);
INSERT INTO MUNICIPIOS (ID_MUNICIPIO, NOMBRE_MUNICIPIO, ESTADO, DEPARTAMENTO_ID) values(600,'Nobsa',1,15);
INSERT INTO MUNICIPIOS (ID_MUNICIPIO, NOMBRE_MUNICIPIO, ESTADO, DEPARTAMENTO_ID) values(601,'Nocaima',1,25);
INSERT INTO MUNICIPIOS (ID_MUNICIPIO, NOMBRE_MUNICIPIO, ESTADO, DEPARTAMENTO_ID) values(602,'Norcasia',1,17);
INSERT INTO MUNICIPIOS (ID_MUNICIPIO, NOMBRE_MUNICIPIO, ESTADO, DEPARTAMENTO_ID) values(603,'Norosí',1,13);
INSERT INTO MUNICIPIOS (ID_MUNICIPIO, NOMBRE_MUNICIPIO, ESTADO, DEPARTAMENTO_ID) values(604,'Novita',1,27);
INSERT INTO MUNICIPIOS (ID_MUNICIPIO, NOMBRE_MUNICIPIO, ESTADO, DEPARTAMENTO_ID) values(605,'Nueva Granada',1,47);
INSERT INTO MUNICIPIOS (ID_MUNICIPIO, NOMBRE_MUNICIPIO, ESTADO, DEPARTAMENTO_ID) values(606,'Nuevo Colón',1,15);
INSERT INTO MUNICIPIOS (ID_MUNICIPIO, NOMBRE_MUNICIPIO, ESTADO, DEPARTAMENTO_ID) values(607,'Nunchía',1,85);
INSERT INTO MUNICIPIOS (ID_MUNICIPIO, NOMBRE_MUNICIPIO, ESTADO, DEPARTAMENTO_ID) values(608,'Nuquí',1,27);
INSERT INTO MUNICIPIOS (ID_MUNICIPIO, NOMBRE_MUNICIPIO, ESTADO, DEPARTAMENTO_ID) values(609,'Nátaga',1,41);
INSERT INTO MUNICIPIOS (ID_MUNICIPIO, NOMBRE_MUNICIPIO, ESTADO, DEPARTAMENTO_ID) values(610,'Obando',1,76);
INSERT INTO MUNICIPIOS (ID_MUNICIPIO, NOMBRE_MUNICIPIO, ESTADO, DEPARTAMENTO_ID) values(611,'Ocamonte',1,68);
INSERT INTO MUNICIPIOS (ID_MUNICIPIO, NOMBRE_MUNICIPIO, ESTADO, DEPARTAMENTO_ID) values(612,'Ocaña',1,54);
INSERT INTO MUNICIPIOS (ID_MUNICIPIO, NOMBRE_MUNICIPIO, ESTADO, DEPARTAMENTO_ID) values(613,'Oiba',1,68);
INSERT INTO MUNICIPIOS (ID_MUNICIPIO, NOMBRE_MUNICIPIO, ESTADO, DEPARTAMENTO_ID) values(614,'Oicatá',1,15);
INSERT INTO MUNICIPIOS (ID_MUNICIPIO, NOMBRE_MUNICIPIO, ESTADO, DEPARTAMENTO_ID) values(615,'Olaya',1,5);
INSERT INTO MUNICIPIOS (ID_MUNICIPIO, NOMBRE_MUNICIPIO, ESTADO, DEPARTAMENTO_ID) values(616,'Olaya Herrera',1,52);
INSERT INTO MUNICIPIOS (ID_MUNICIPIO, NOMBRE_MUNICIPIO, ESTADO, DEPARTAMENTO_ID) values(617,'Onzaga',1,68);
INSERT INTO MUNICIPIOS (ID_MUNICIPIO, NOMBRE_MUNICIPIO, ESTADO, DEPARTAMENTO_ID) values(618,'Oporapa',1,41);
INSERT INTO MUNICIPIOS (ID_MUNICIPIO, NOMBRE_MUNICIPIO, ESTADO, DEPARTAMENTO_ID) values(619,'Orito',1,86);
INSERT INTO MUNICIPIOS (ID_MUNICIPIO, NOMBRE_MUNICIPIO, ESTADO, DEPARTAMENTO_ID) values(620,'Orocué',1,85);
INSERT INTO MUNICIPIOS (ID_MUNICIPIO, NOMBRE_MUNICIPIO, ESTADO, DEPARTAMENTO_ID) values(621,'Ortega',1,73);
INSERT INTO MUNICIPIOS (ID_MUNICIPIO, NOMBRE_MUNICIPIO, ESTADO, DEPARTAMENTO_ID) values(622,'Ospina',1,52);
INSERT INTO MUNICIPIOS (ID_MUNICIPIO, NOMBRE_MUNICIPIO, ESTADO, DEPARTAMENTO_ID) values(623,'Otanche',1,15);
INSERT INTO MUNICIPIOS (ID_MUNICIPIO, NOMBRE_MUNICIPIO, ESTADO, DEPARTAMENTO_ID) values(624,'Ovejas',1,70);
INSERT INTO MUNICIPIOS (ID_MUNICIPIO, NOMBRE_MUNICIPIO, ESTADO, DEPARTAMENTO_ID) values(625,'Pachavita',1,15);
INSERT INTO MUNICIPIOS (ID_MUNICIPIO, NOMBRE_MUNICIPIO, ESTADO, DEPARTAMENTO_ID) values(626,'Pacho',1,25);
INSERT INTO MUNICIPIOS (ID_MUNICIPIO, NOMBRE_MUNICIPIO, ESTADO, DEPARTAMENTO_ID) values(627,'Padilla',1,19);
INSERT INTO MUNICIPIOS (ID_MUNICIPIO, NOMBRE_MUNICIPIO, ESTADO, DEPARTAMENTO_ID) values(628,'Paicol',1,41);
INSERT INTO MUNICIPIOS (ID_MUNICIPIO, NOMBRE_MUNICIPIO, ESTADO, DEPARTAMENTO_ID) values(629,'Pailitas',1,20);
INSERT INTO MUNICIPIOS (ID_MUNICIPIO, NOMBRE_MUNICIPIO, ESTADO, DEPARTAMENTO_ID) values(630,'Paime',1,25);
INSERT INTO MUNICIPIOS (ID_MUNICIPIO, NOMBRE_MUNICIPIO, ESTADO, DEPARTAMENTO_ID) values(631,'Paipa',1,15);
INSERT INTO MUNICIPIOS (ID_MUNICIPIO, NOMBRE_MUNICIPIO, ESTADO, DEPARTAMENTO_ID) values(632,'Pajarito',1,15);
INSERT INTO MUNICIPIOS (ID_MUNICIPIO, NOMBRE_MUNICIPIO, ESTADO, DEPARTAMENTO_ID) values(633,'Palermo',1,41);
INSERT INTO MUNICIPIOS (ID_MUNICIPIO, NOMBRE_MUNICIPIO, ESTADO, DEPARTAMENTO_ID) values(634,'Palestina',1,17);
INSERT INTO MUNICIPIOS (ID_MUNICIPIO, NOMBRE_MUNICIPIO, ESTADO, DEPARTAMENTO_ID) values(635,'Palestina',1,41);
INSERT INTO MUNICIPIOS (ID_MUNICIPIO, NOMBRE_MUNICIPIO, ESTADO, DEPARTAMENTO_ID) values(636,'Palmar',1,68);
INSERT INTO MUNICIPIOS (ID_MUNICIPIO, NOMBRE_MUNICIPIO, ESTADO, DEPARTAMENTO_ID) values(637,'Palmar de Varela',1,8);
INSERT INTO MUNICIPIOS (ID_MUNICIPIO, NOMBRE_MUNICIPIO, ESTADO, DEPARTAMENTO_ID) values(638,'Palmas del Socorro',1,68);
INSERT INTO MUNICIPIOS (ID_MUNICIPIO, NOMBRE_MUNICIPIO, ESTADO, DEPARTAMENTO_ID) values(639,'Palmira',1,76);
INSERT INTO MUNICIPIOS (ID_MUNICIPIO, NOMBRE_MUNICIPIO, ESTADO, DEPARTAMENTO_ID) values(640,'Palmito',1,70);
INSERT INTO MUNICIPIOS (ID_MUNICIPIO, NOMBRE_MUNICIPIO, ESTADO, DEPARTAMENTO_ID) values(641,'Palocabildo',1,73);
INSERT INTO MUNICIPIOS (ID_MUNICIPIO, NOMBRE_MUNICIPIO, ESTADO, DEPARTAMENTO_ID) values(642,'Pamplona',1,54);
INSERT INTO MUNICIPIOS (ID_MUNICIPIO, NOMBRE_MUNICIPIO, ESTADO, DEPARTAMENTO_ID) values(643,'Pamplonita',1,54);
INSERT INTO MUNICIPIOS (ID_MUNICIPIO, NOMBRE_MUNICIPIO, ESTADO, DEPARTAMENTO_ID) values(644,'Pandi',1,25);
INSERT INTO MUNICIPIOS (ID_MUNICIPIO, NOMBRE_MUNICIPIO, ESTADO, DEPARTAMENTO_ID) values(645,'Panqueba',1,15);
INSERT INTO MUNICIPIOS (ID_MUNICIPIO, NOMBRE_MUNICIPIO, ESTADO, DEPARTAMENTO_ID) values(646,'Paratebueno',1,25);
INSERT INTO MUNICIPIOS (ID_MUNICIPIO, NOMBRE_MUNICIPIO, ESTADO, DEPARTAMENTO_ID) values(647,'Pasca',1,25);
INSERT INTO MUNICIPIOS (ID_MUNICIPIO, NOMBRE_MUNICIPIO, ESTADO, DEPARTAMENTO_ID) values(648,'Patía (El Bordo)',1,19);
INSERT INTO MUNICIPIOS (ID_MUNICIPIO, NOMBRE_MUNICIPIO, ESTADO, DEPARTAMENTO_ID) values(649,'Pauna',1,15);
INSERT INTO MUNICIPIOS (ID_MUNICIPIO, NOMBRE_MUNICIPIO, ESTADO, DEPARTAMENTO_ID) values(650,'Paya',1,15);
INSERT INTO MUNICIPIOS (ID_MUNICIPIO, NOMBRE_MUNICIPIO, ESTADO, DEPARTAMENTO_ID) values(651,'Paz de Ariporo',1,85);
INSERT INTO MUNICIPIOS (ID_MUNICIPIO, NOMBRE_MUNICIPIO, ESTADO, DEPARTAMENTO_ID) values(652,'Paz de Río',1,15);
INSERT INTO MUNICIPIOS (ID_MUNICIPIO, NOMBRE_MUNICIPIO, ESTADO, DEPARTAMENTO_ID) values(653,'Pedraza',1,47);
INSERT INTO MUNICIPIOS (ID_MUNICIPIO, NOMBRE_MUNICIPIO, ESTADO, DEPARTAMENTO_ID) values(654,'Pelaya',1,20);
INSERT INTO MUNICIPIOS (ID_MUNICIPIO, NOMBRE_MUNICIPIO, ESTADO, DEPARTAMENTO_ID) values(655,'Pensilvania',1,17);
INSERT INTO MUNICIPIOS (ID_MUNICIPIO, NOMBRE_MUNICIPIO, ESTADO, DEPARTAMENTO_ID) values(656,'Peque',1,5);
INSERT INTO MUNICIPIOS (ID_MUNICIPIO, NOMBRE_MUNICIPIO, ESTADO, DEPARTAMENTO_ID) values(657,'Pereira',1,66);
INSERT INTO MUNICIPIOS (ID_MUNICIPIO, NOMBRE_MUNICIPIO, ESTADO, DEPARTAMENTO_ID) values(658,'Pesca',1,15);
INSERT INTO MUNICIPIOS (ID_MUNICIPIO, NOMBRE_MUNICIPIO, ESTADO, DEPARTAMENTO_ID) values(659,'Peñol',1,5);
INSERT INTO MUNICIPIOS (ID_MUNICIPIO, NOMBRE_MUNICIPIO, ESTADO, DEPARTAMENTO_ID) values(660,'Piamonte',1,19);
INSERT INTO MUNICIPIOS (ID_MUNICIPIO, NOMBRE_MUNICIPIO, ESTADO, DEPARTAMENTO_ID) values(661,'Pie de Cuesta',1,68);
INSERT INTO MUNICIPIOS (ID_MUNICIPIO, NOMBRE_MUNICIPIO, ESTADO, DEPARTAMENTO_ID) values(662,'Piedras',1,73);
INSERT INTO MUNICIPIOS (ID_MUNICIPIO, NOMBRE_MUNICIPIO, ESTADO, DEPARTAMENTO_ID) values(663,'Piendamó',1,19);
INSERT INTO MUNICIPIOS (ID_MUNICIPIO, NOMBRE_MUNICIPIO, ESTADO, DEPARTAMENTO_ID) values(664,'Pijao',1,63);
INSERT INTO MUNICIPIOS (ID_MUNICIPIO, NOMBRE_MUNICIPIO, ESTADO, DEPARTAMENTO_ID) values(665,'Pijiño',1,47);
INSERT INTO MUNICIPIOS (ID_MUNICIPIO, NOMBRE_MUNICIPIO, ESTADO, DEPARTAMENTO_ID) values(666,'Pinchote',1,68);
INSERT INTO MUNICIPIOS (ID_MUNICIPIO, NOMBRE_MUNICIPIO, ESTADO, DEPARTAMENTO_ID) values(667,'Pinillos',1,13);
INSERT INTO MUNICIPIOS (ID_MUNICIPIO, NOMBRE_MUNICIPIO, ESTADO, DEPARTAMENTO_ID) values(668,'Piojo',1,8);
INSERT INTO MUNICIPIOS (ID_MUNICIPIO, NOMBRE_MUNICIPIO, ESTADO, DEPARTAMENTO_ID) values(669,'Pisva',1,15);
INSERT INTO MUNICIPIOS (ID_MUNICIPIO, NOMBRE_MUNICIPIO, ESTADO, DEPARTAMENTO_ID) values(670,'Pital',1,41);
INSERT INTO MUNICIPIOS (ID_MUNICIPIO, NOMBRE_MUNICIPIO, ESTADO, DEPARTAMENTO_ID) values(671,'Pitalito',1,41);
INSERT INTO MUNICIPIOS (ID_MUNICIPIO, NOMBRE_MUNICIPIO, ESTADO, DEPARTAMENTO_ID) values(672,'Pivijay',1,47);
INSERT INTO MUNICIPIOS (ID_MUNICIPIO, NOMBRE_MUNICIPIO, ESTADO, DEPARTAMENTO_ID) values(673,'Planadas',1,73);
INSERT INTO MUNICIPIOS (ID_MUNICIPIO, NOMBRE_MUNICIPIO, ESTADO, DEPARTAMENTO_ID) values(674,'Planeta Rica',1,23);
INSERT INTO MUNICIPIOS (ID_MUNICIPIO, NOMBRE_MUNICIPIO, ESTADO, DEPARTAMENTO_ID) values(675,'Plato',1,47);
INSERT INTO MUNICIPIOS (ID_MUNICIPIO, NOMBRE_MUNICIPIO, ESTADO, DEPARTAMENTO_ID) values(676,'Policarpa',1,52);
INSERT INTO MUNICIPIOS (ID_MUNICIPIO, NOMBRE_MUNICIPIO, ESTADO, DEPARTAMENTO_ID) values(677,'Polonuevo',1,8);
INSERT INTO MUNICIPIOS (ID_MUNICIPIO, NOMBRE_MUNICIPIO, ESTADO, DEPARTAMENTO_ID) values(678,'Ponedera',1,8);
INSERT INTO MUNICIPIOS (ID_MUNICIPIO, NOMBRE_MUNICIPIO, ESTADO, DEPARTAMENTO_ID) values(679,'Popayán',1,19);
INSERT INTO MUNICIPIOS (ID_MUNICIPIO, NOMBRE_MUNICIPIO, ESTADO, DEPARTAMENTO_ID) values(680,'Pore',1,85);
INSERT INTO MUNICIPIOS (ID_MUNICIPIO, NOMBRE_MUNICIPIO, ESTADO, DEPARTAMENTO_ID) values(681,'Potosí',1,52);
INSERT INTO MUNICIPIOS (ID_MUNICIPIO, NOMBRE_MUNICIPIO, ESTADO, DEPARTAMENTO_ID) values(682,'Pradera',1,76);
INSERT INTO MUNICIPIOS (ID_MUNICIPIO, NOMBRE_MUNICIPIO, ESTADO, DEPARTAMENTO_ID) values(683,'Prado',1,73);
INSERT INTO MUNICIPIOS (ID_MUNICIPIO, NOMBRE_MUNICIPIO, ESTADO, DEPARTAMENTO_ID) values(684,'Providencia',1,52);
INSERT INTO MUNICIPIOS (ID_MUNICIPIO, NOMBRE_MUNICIPIO, ESTADO, DEPARTAMENTO_ID) values(685,'Providencia',1,88);
INSERT INTO MUNICIPIOS (ID_MUNICIPIO, NOMBRE_MUNICIPIO, ESTADO, DEPARTAMENTO_ID) values(686,'Pueblo Bello',1,20);
INSERT INTO MUNICIPIOS (ID_MUNICIPIO, NOMBRE_MUNICIPIO, ESTADO, DEPARTAMENTO_ID) values(687,'Pueblo Nuevo',1,23);
INSERT INTO MUNICIPIOS (ID_MUNICIPIO, NOMBRE_MUNICIPIO, ESTADO, DEPARTAMENTO_ID) values(688,'Pueblo Rico',1,66);
INSERT INTO MUNICIPIOS (ID_MUNICIPIO, NOMBRE_MUNICIPIO, ESTADO, DEPARTAMENTO_ID) values(689,'Pueblorrico',1,5);
INSERT INTO MUNICIPIOS (ID_MUNICIPIO, NOMBRE_MUNICIPIO, ESTADO, DEPARTAMENTO_ID) values(690,'Puebloviejo',1,47);
INSERT INTO MUNICIPIOS (ID_MUNICIPIO, NOMBRE_MUNICIPIO, ESTADO, DEPARTAMENTO_ID) values(691,'Puente Nacional',1,68);
INSERT INTO MUNICIPIOS (ID_MUNICIPIO, NOMBRE_MUNICIPIO, ESTADO, DEPARTAMENTO_ID) values(692,'Puerres',1,52);
INSERT INTO MUNICIPIOS (ID_MUNICIPIO, NOMBRE_MUNICIPIO, ESTADO, DEPARTAMENTO_ID) values(693,'Puerto Asís',1,86);
INSERT INTO MUNICIPIOS (ID_MUNICIPIO, NOMBRE_MUNICIPIO, ESTADO, DEPARTAMENTO_ID) values(694,'Puerto Berrío',1,5);
INSERT INTO MUNICIPIOS (ID_MUNICIPIO, NOMBRE_MUNICIPIO, ESTADO, DEPARTAMENTO_ID) values(695,'Puerto Boyacá',1,15);
INSERT INTO MUNICIPIOS (ID_MUNICIPIO, NOMBRE_MUNICIPIO, ESTADO, DEPARTAMENTO_ID) values(696,'Puerto Caicedo',1,86);
INSERT INTO MUNICIPIOS (ID_MUNICIPIO, NOMBRE_MUNICIPIO, ESTADO, DEPARTAMENTO_ID) values(697,'Puerto Carreño',1,99);
INSERT INTO MUNICIPIOS (ID_MUNICIPIO, NOMBRE_MUNICIPIO, ESTADO, DEPARTAMENTO_ID) values(698,'Puerto Colombia',1,8);
INSERT INTO MUNICIPIOS (ID_MUNICIPIO, NOMBRE_MUNICIPIO, ESTADO, DEPARTAMENTO_ID) values(699,'Puerto Concordia',1,50);
INSERT INTO MUNICIPIOS (ID_MUNICIPIO, NOMBRE_MUNICIPIO, ESTADO, DEPARTAMENTO_ID) values(700,'Puerto Escondido',1,23);
INSERT INTO MUNICIPIOS (ID_MUNICIPIO, NOMBRE_MUNICIPIO, ESTADO, DEPARTAMENTO_ID) values(701,'Puerto Gaitán',1,50);
INSERT INTO MUNICIPIOS (ID_MUNICIPIO, NOMBRE_MUNICIPIO, ESTADO, DEPARTAMENTO_ID) values(702,'Puerto Guzmán',1,86);
INSERT INTO MUNICIPIOS (ID_MUNICIPIO, NOMBRE_MUNICIPIO, ESTADO, DEPARTAMENTO_ID) values(703,'Puerto Leguízamo',1,86);
INSERT INTO MUNICIPIOS (ID_MUNICIPIO, NOMBRE_MUNICIPIO, ESTADO, DEPARTAMENTO_ID) values(704,'Puerto Libertador',1,23);
INSERT INTO MUNICIPIOS (ID_MUNICIPIO, NOMBRE_MUNICIPIO, ESTADO, DEPARTAMENTO_ID) values(705,'Puerto Lleras',1,50);
INSERT INTO MUNICIPIOS (ID_MUNICIPIO, NOMBRE_MUNICIPIO, ESTADO, DEPARTAMENTO_ID) values(706,'Puerto López',1,50);
INSERT INTO MUNICIPIOS (ID_MUNICIPIO, NOMBRE_MUNICIPIO, ESTADO, DEPARTAMENTO_ID) values(707,'Puerto Nare',1,5);
INSERT INTO MUNICIPIOS (ID_MUNICIPIO, NOMBRE_MUNICIPIO, ESTADO, DEPARTAMENTO_ID) values(708,'Puerto Nariño',1,91);
INSERT INTO MUNICIPIOS (ID_MUNICIPIO, NOMBRE_MUNICIPIO, ESTADO, DEPARTAMENTO_ID) values(709,'Puerto Parra',1,68);
INSERT INTO MUNICIPIOS (ID_MUNICIPIO, NOMBRE_MUNICIPIO, ESTADO, DEPARTAMENTO_ID) values(710,'Puerto Rico',1,18);
INSERT INTO MUNICIPIOS (ID_MUNICIPIO, NOMBRE_MUNICIPIO, ESTADO, DEPARTAMENTO_ID) values(711,'Puerto Rico',1,50);
INSERT INTO MUNICIPIOS (ID_MUNICIPIO, NOMBRE_MUNICIPIO, ESTADO, DEPARTAMENTO_ID) values(712,'Puerto Rondón',1,81);
INSERT INTO MUNICIPIOS (ID_MUNICIPIO, NOMBRE_MUNICIPIO, ESTADO, DEPARTAMENTO_ID) values(713,'Puerto Salgar',1,25);
INSERT INTO MUNICIPIOS (ID_MUNICIPIO, NOMBRE_MUNICIPIO, ESTADO, DEPARTAMENTO_ID) values(714,'Puerto Santander',1,54);
INSERT INTO MUNICIPIOS (ID_MUNICIPIO, NOMBRE_MUNICIPIO, ESTADO, DEPARTAMENTO_ID) values(715,'Puerto Tejada',1,19);
INSERT INTO MUNICIPIOS (ID_MUNICIPIO, NOMBRE_MUNICIPIO, ESTADO, DEPARTAMENTO_ID) values(716,'Puerto Triunfo',1,5);
INSERT INTO MUNICIPIOS (ID_MUNICIPIO, NOMBRE_MUNICIPIO, ESTADO, DEPARTAMENTO_ID) values(717,'Puerto Wilches',1,68);
INSERT INTO MUNICIPIOS (ID_MUNICIPIO, NOMBRE_MUNICIPIO, ESTADO, DEPARTAMENTO_ID) values(718,'Pulí',1,25);
INSERT INTO MUNICIPIOS (ID_MUNICIPIO, NOMBRE_MUNICIPIO, ESTADO, DEPARTAMENTO_ID) values(719,'Pupiales',1,52);
INSERT INTO MUNICIPIOS (ID_MUNICIPIO, NOMBRE_MUNICIPIO, ESTADO, DEPARTAMENTO_ID) values(720,'Puracé (Coconuco)',1,19);
INSERT INTO MUNICIPIOS (ID_MUNICIPIO, NOMBRE_MUNICIPIO, ESTADO, DEPARTAMENTO_ID) values(721,'Purificación',1,73);
INSERT INTO MUNICIPIOS (ID_MUNICIPIO, NOMBRE_MUNICIPIO, ESTADO, DEPARTAMENTO_ID) values(722,'Purísima',1,23);
INSERT INTO MUNICIPIOS (ID_MUNICIPIO, NOMBRE_MUNICIPIO, ESTADO, DEPARTAMENTO_ID) values(723,'Pácora',1,17);
INSERT INTO MUNICIPIOS (ID_MUNICIPIO, NOMBRE_MUNICIPIO, ESTADO, DEPARTAMENTO_ID) values(724,'Páez',1,15);
INSERT INTO MUNICIPIOS (ID_MUNICIPIO, NOMBRE_MUNICIPIO, ESTADO, DEPARTAMENTO_ID) values(725,'Páez (Belalcazar)',1,19);
INSERT INTO MUNICIPIOS (ID_MUNICIPIO, NOMBRE_MUNICIPIO, ESTADO, DEPARTAMENTO_ID) values(726,'Páramo',1,68);
INSERT INTO MUNICIPIOS (ID_MUNICIPIO, NOMBRE_MUNICIPIO, ESTADO, DEPARTAMENTO_ID) values(727,'Quebradanegra',1,25);
INSERT INTO MUNICIPIOS (ID_MUNICIPIO, NOMBRE_MUNICIPIO, ESTADO, DEPARTAMENTO_ID) values(728,'Quetame',1,25);
INSERT INTO MUNICIPIOS (ID_MUNICIPIO, NOMBRE_MUNICIPIO, ESTADO, DEPARTAMENTO_ID) values(729,'Quibdó',1,27);
INSERT INTO MUNICIPIOS (ID_MUNICIPIO, NOMBRE_MUNICIPIO, ESTADO, DEPARTAMENTO_ID) values(730,'Quimbaya',1,63);
INSERT INTO MUNICIPIOS (ID_MUNICIPIO, NOMBRE_MUNICIPIO, ESTADO, DEPARTAMENTO_ID) values(731,'Quinchía',1,66);
INSERT INTO MUNICIPIOS (ID_MUNICIPIO, NOMBRE_MUNICIPIO, ESTADO, DEPARTAMENTO_ID) values(732,'Quipama',1,15);
INSERT INTO MUNICIPIOS (ID_MUNICIPIO, NOMBRE_MUNICIPIO, ESTADO, DEPARTAMENTO_ID) values(733,'Quipile',1,25);
INSERT INTO MUNICIPIOS (ID_MUNICIPIO, NOMBRE_MUNICIPIO, ESTADO, DEPARTAMENTO_ID) values(734,'Ragonvalia',1,54);
INSERT INTO MUNICIPIOS (ID_MUNICIPIO, NOMBRE_MUNICIPIO, ESTADO, DEPARTAMENTO_ID) values(735,'Ramiriquí',1,15);
INSERT INTO MUNICIPIOS (ID_MUNICIPIO, NOMBRE_MUNICIPIO, ESTADO, DEPARTAMENTO_ID) values(736,'Recetor',1,85);
INSERT INTO MUNICIPIOS (ID_MUNICIPIO, NOMBRE_MUNICIPIO, ESTADO, DEPARTAMENTO_ID) values(737,'Regidor',1,13);
INSERT INTO MUNICIPIOS (ID_MUNICIPIO, NOMBRE_MUNICIPIO, ESTADO, DEPARTAMENTO_ID) values(738,'Remedios',1,5);
INSERT INTO MUNICIPIOS (ID_MUNICIPIO, NOMBRE_MUNICIPIO, ESTADO, DEPARTAMENTO_ID) values(739,'Remolino',1,47);
INSERT INTO MUNICIPIOS (ID_MUNICIPIO, NOMBRE_MUNICIPIO, ESTADO, DEPARTAMENTO_ID) values(740,'Repelón',1,8);
INSERT INTO MUNICIPIOS (ID_MUNICIPIO, NOMBRE_MUNICIPIO, ESTADO, DEPARTAMENTO_ID) values(741,'Restrepo',1,50);
INSERT INTO MUNICIPIOS (ID_MUNICIPIO, NOMBRE_MUNICIPIO, ESTADO, DEPARTAMENTO_ID) values(742,'Restrepo',1,76);
INSERT INTO MUNICIPIOS (ID_MUNICIPIO, NOMBRE_MUNICIPIO, ESTADO, DEPARTAMENTO_ID) values(743,'Retiro',1,5);
INSERT INTO MUNICIPIOS (ID_MUNICIPIO, NOMBRE_MUNICIPIO, ESTADO, DEPARTAMENTO_ID) values(744,'Ricaurte',1,25);
INSERT INTO MUNICIPIOS (ID_MUNICIPIO, NOMBRE_MUNICIPIO, ESTADO, DEPARTAMENTO_ID) values(745,'Ricaurte',1,52);
INSERT INTO MUNICIPIOS (ID_MUNICIPIO, NOMBRE_MUNICIPIO, ESTADO, DEPARTAMENTO_ID) values(746,'Rio Negro',1,68);
INSERT INTO MUNICIPIOS (ID_MUNICIPIO, NOMBRE_MUNICIPIO, ESTADO, DEPARTAMENTO_ID) values(747,'Rioblanco',1,73);
INSERT INTO MUNICIPIOS (ID_MUNICIPIO, NOMBRE_MUNICIPIO, ESTADO, DEPARTAMENTO_ID) values(748,'Riofrío',1,76);
INSERT INTO MUNICIPIOS (ID_MUNICIPIO, NOMBRE_MUNICIPIO, ESTADO, DEPARTAMENTO_ID) values(749,'Riohacha',1,44);
INSERT INTO MUNICIPIOS (ID_MUNICIPIO, NOMBRE_MUNICIPIO, ESTADO, DEPARTAMENTO_ID) values(750,'Risaralda',1,17);
INSERT INTO MUNICIPIOS (ID_MUNICIPIO, NOMBRE_MUNICIPIO, ESTADO, DEPARTAMENTO_ID) values(751,'Rivera',1,41);
INSERT INTO MUNICIPIOS (ID_MUNICIPIO, NOMBRE_MUNICIPIO, ESTADO, DEPARTAMENTO_ID) values(752,'Roberto Payán (San José)',1,52);
INSERT INTO MUNICIPIOS (ID_MUNICIPIO, NOMBRE_MUNICIPIO, ESTADO, DEPARTAMENTO_ID) values(753,'Roldanillo',1,76);
INSERT INTO MUNICIPIOS (ID_MUNICIPIO, NOMBRE_MUNICIPIO, ESTADO, DEPARTAMENTO_ID) values(754,'Roncesvalles',1,73);
INSERT INTO MUNICIPIOS (ID_MUNICIPIO, NOMBRE_MUNICIPIO, ESTADO, DEPARTAMENTO_ID) values(755,'Rondón',1,15);
INSERT INTO MUNICIPIOS (ID_MUNICIPIO, NOMBRE_MUNICIPIO, ESTADO, DEPARTAMENTO_ID) values(756,'Rosas',1,19);
INSERT INTO MUNICIPIOS (ID_MUNICIPIO, NOMBRE_MUNICIPIO, ESTADO, DEPARTAMENTO_ID) values(757,'Rovira',1,73);
INSERT INTO MUNICIPIOS (ID_MUNICIPIO, NOMBRE_MUNICIPIO, ESTADO, DEPARTAMENTO_ID) values(758,'Ráquira',1,15);
INSERT INTO MUNICIPIOS (ID_MUNICIPIO, NOMBRE_MUNICIPIO, ESTADO, DEPARTAMENTO_ID) values(759,'Río Iró',1,27);
INSERT INTO MUNICIPIOS (ID_MUNICIPIO, NOMBRE_MUNICIPIO, ESTADO, DEPARTAMENTO_ID) values(760,'Río Quito',1,27);
INSERT INTO MUNICIPIOS (ID_MUNICIPIO, NOMBRE_MUNICIPIO, ESTADO, DEPARTAMENTO_ID) values(761,'Río Sucio',1,17);
INSERT INTO MUNICIPIOS (ID_MUNICIPIO, NOMBRE_MUNICIPIO, ESTADO, DEPARTAMENTO_ID) values(762,'Río Viejo',1,13);
INSERT INTO MUNICIPIOS (ID_MUNICIPIO, NOMBRE_MUNICIPIO, ESTADO, DEPARTAMENTO_ID) values(763,'Río de oro',1,20);
INSERT INTO MUNICIPIOS (ID_MUNICIPIO, NOMBRE_MUNICIPIO, ESTADO, DEPARTAMENTO_ID) values(764,'Ríonegro',1,5);
INSERT INTO MUNICIPIOS (ID_MUNICIPIO, NOMBRE_MUNICIPIO, ESTADO, DEPARTAMENTO_ID) values(765,'Ríosucio',1,27);
INSERT INTO MUNICIPIOS (ID_MUNICIPIO, NOMBRE_MUNICIPIO, ESTADO, DEPARTAMENTO_ID) values(766,'Sabana de Torres',1,68);
INSERT INTO MUNICIPIOS (ID_MUNICIPIO, NOMBRE_MUNICIPIO, ESTADO, DEPARTAMENTO_ID) values(767,'Sabanagrande',1,8);
INSERT INTO MUNICIPIOS (ID_MUNICIPIO, NOMBRE_MUNICIPIO, ESTADO, DEPARTAMENTO_ID) values(768,'Sabanalarga',1,5);
INSERT INTO MUNICIPIOS (ID_MUNICIPIO, NOMBRE_MUNICIPIO, ESTADO, DEPARTAMENTO_ID) values(769,'Sabanalarga',1,8);
INSERT INTO MUNICIPIOS (ID_MUNICIPIO, NOMBRE_MUNICIPIO, ESTADO, DEPARTAMENTO_ID) values(770,'Sabanalarga',1,85);
INSERT INTO MUNICIPIOS (ID_MUNICIPIO, NOMBRE_MUNICIPIO, ESTADO, DEPARTAMENTO_ID) values(771,'Sabanas de San Angel (SAN ANGEL)',1,47);
INSERT INTO MUNICIPIOS (ID_MUNICIPIO, NOMBRE_MUNICIPIO, ESTADO, DEPARTAMENTO_ID) values(772,'Sabaneta',1,5);
INSERT INTO MUNICIPIOS (ID_MUNICIPIO, NOMBRE_MUNICIPIO, ESTADO, DEPARTAMENTO_ID) values(773,'Saboyá',1,15);
INSERT INTO MUNICIPIOS (ID_MUNICIPIO, NOMBRE_MUNICIPIO, ESTADO, DEPARTAMENTO_ID) values(774,'Sahagún',1,23);
INSERT INTO MUNICIPIOS (ID_MUNICIPIO, NOMBRE_MUNICIPIO, ESTADO, DEPARTAMENTO_ID) values(775,'Saladoblanco',1,41);
INSERT INTO MUNICIPIOS (ID_MUNICIPIO, NOMBRE_MUNICIPIO, ESTADO, DEPARTAMENTO_ID) values(776,'Salamina',1,17);
INSERT INTO MUNICIPIOS (ID_MUNICIPIO, NOMBRE_MUNICIPIO, ESTADO, DEPARTAMENTO_ID) values(777,'Salamina',1,47);
INSERT INTO MUNICIPIOS (ID_MUNICIPIO, NOMBRE_MUNICIPIO, ESTADO, DEPARTAMENTO_ID) values(778,'Salazar',1,54);
INSERT INTO MUNICIPIOS (ID_MUNICIPIO, NOMBRE_MUNICIPIO, ESTADO, DEPARTAMENTO_ID) values(779,'Saldaña',1,73);
INSERT INTO MUNICIPIOS (ID_MUNICIPIO, NOMBRE_MUNICIPIO, ESTADO, DEPARTAMENTO_ID) values(780,'Salento',1,63);
INSERT INTO MUNICIPIOS (ID_MUNICIPIO, NOMBRE_MUNICIPIO, ESTADO, DEPARTAMENTO_ID) values(781,'Salgar',1,5);
INSERT INTO MUNICIPIOS (ID_MUNICIPIO, NOMBRE_MUNICIPIO, ESTADO, DEPARTAMENTO_ID) values(782,'Samacá',1,15);
INSERT INTO MUNICIPIOS (ID_MUNICIPIO, NOMBRE_MUNICIPIO, ESTADO, DEPARTAMENTO_ID) values(783,'Samaniego',1,52);
INSERT INTO MUNICIPIOS (ID_MUNICIPIO, NOMBRE_MUNICIPIO, ESTADO, DEPARTAMENTO_ID) values(784,'Samaná',1,17);
INSERT INTO MUNICIPIOS (ID_MUNICIPIO, NOMBRE_MUNICIPIO, ESTADO, DEPARTAMENTO_ID) values(785,'Sampués',1,70);
INSERT INTO MUNICIPIOS (ID_MUNICIPIO, NOMBRE_MUNICIPIO, ESTADO, DEPARTAMENTO_ID) values(786,'San Agustín',1,41);
INSERT INTO MUNICIPIOS (ID_MUNICIPIO, NOMBRE_MUNICIPIO, ESTADO, DEPARTAMENTO_ID) values(787,'San Alberto',1,20);
INSERT INTO MUNICIPIOS (ID_MUNICIPIO, NOMBRE_MUNICIPIO, ESTADO, DEPARTAMENTO_ID) values(788,'San Andrés',1,68);
INSERT INTO MUNICIPIOS (ID_MUNICIPIO, NOMBRE_MUNICIPIO, ESTADO, DEPARTAMENTO_ID) values(789,'San Andrés Sotavento',1,23);
INSERT INTO MUNICIPIOS (ID_MUNICIPIO, NOMBRE_MUNICIPIO, ESTADO, DEPARTAMENTO_ID) values(790,'San Andrés de Cuerquía',1,5);
INSERT INTO MUNICIPIOS (ID_MUNICIPIO, NOMBRE_MUNICIPIO, ESTADO, DEPARTAMENTO_ID) values(791,'San Antero',1,23);
INSERT INTO MUNICIPIOS (ID_MUNICIPIO, NOMBRE_MUNICIPIO, ESTADO, DEPARTAMENTO_ID) values(792,'San Antonio',1,73);
INSERT INTO MUNICIPIOS (ID_MUNICIPIO, NOMBRE_MUNICIPIO, ESTADO, DEPARTAMENTO_ID) values(793,'San Antonio de Tequendama',1,25);
INSERT INTO MUNICIPIOS (ID_MUNICIPIO, NOMBRE_MUNICIPIO, ESTADO, DEPARTAMENTO_ID) values(794,'San Benito',1,68);
INSERT INTO MUNICIPIOS (ID_MUNICIPIO, NOMBRE_MUNICIPIO, ESTADO, DEPARTAMENTO_ID) values(795,'San Benito Abad',1,70);
INSERT INTO MUNICIPIOS (ID_MUNICIPIO, NOMBRE_MUNICIPIO, ESTADO, DEPARTAMENTO_ID) values(796,'San Bernardo',1,25);
INSERT INTO MUNICIPIOS (ID_MUNICIPIO, NOMBRE_MUNICIPIO, ESTADO, DEPARTAMENTO_ID) values(797,'San Bernardo',1,52);
INSERT INTO MUNICIPIOS (ID_MUNICIPIO, NOMBRE_MUNICIPIO, ESTADO, DEPARTAMENTO_ID) values(798,'San Bernardo del Viento',1,23);
INSERT INTO MUNICIPIOS (ID_MUNICIPIO, NOMBRE_MUNICIPIO, ESTADO, DEPARTAMENTO_ID) values(799,'San Calixto',1,54);
INSERT INTO MUNICIPIOS (ID_MUNICIPIO, NOMBRE_MUNICIPIO, ESTADO, DEPARTAMENTO_ID) values(800,'San Carlos',1,5);
INSERT INTO MUNICIPIOS (ID_MUNICIPIO, NOMBRE_MUNICIPIO, ESTADO, DEPARTAMENTO_ID) values(801,'San Carlos',1,23);
INSERT INTO MUNICIPIOS (ID_MUNICIPIO, NOMBRE_MUNICIPIO, ESTADO, DEPARTAMENTO_ID) values(802,'San Carlos de Guaroa',1,50);
INSERT INTO MUNICIPIOS (ID_MUNICIPIO, NOMBRE_MUNICIPIO, ESTADO, DEPARTAMENTO_ID) values(803,'San Cayetano',1,25);
INSERT INTO MUNICIPIOS (ID_MUNICIPIO, NOMBRE_MUNICIPIO, ESTADO, DEPARTAMENTO_ID) values(804,'San Cayetano',1,54);
INSERT INTO MUNICIPIOS (ID_MUNICIPIO, NOMBRE_MUNICIPIO, ESTADO, DEPARTAMENTO_ID) values(805,'San Cristobal',1,13);
INSERT INTO MUNICIPIOS (ID_MUNICIPIO, NOMBRE_MUNICIPIO, ESTADO, DEPARTAMENTO_ID) values(806,'San Diego',1,20);
INSERT INTO MUNICIPIOS (ID_MUNICIPIO, NOMBRE_MUNICIPIO, ESTADO, DEPARTAMENTO_ID) values(807,'San Eduardo',1,15);
INSERT INTO MUNICIPIOS (ID_MUNICIPIO, NOMBRE_MUNICIPIO, ESTADO, DEPARTAMENTO_ID) values(808,'San Estanislao',1,13);
INSERT INTO MUNICIPIOS (ID_MUNICIPIO, NOMBRE_MUNICIPIO, ESTADO, DEPARTAMENTO_ID) values(809,'San Fernando',1,13);
INSERT INTO MUNICIPIOS (ID_MUNICIPIO, NOMBRE_MUNICIPIO, ESTADO, DEPARTAMENTO_ID) values(810,'San Francisco',1,5);
INSERT INTO MUNICIPIOS (ID_MUNICIPIO, NOMBRE_MUNICIPIO, ESTADO, DEPARTAMENTO_ID) values(811,'San Francisco',1,25);
INSERT INTO MUNICIPIOS (ID_MUNICIPIO, NOMBRE_MUNICIPIO, ESTADO, DEPARTAMENTO_ID) values(812,'San Francisco',1,86);
INSERT INTO MUNICIPIOS (ID_MUNICIPIO, NOMBRE_MUNICIPIO, ESTADO, DEPARTAMENTO_ID) values(813,'San Gíl',1,68);
INSERT INTO MUNICIPIOS (ID_MUNICIPIO, NOMBRE_MUNICIPIO, ESTADO, DEPARTAMENTO_ID) values(814,'San Jacinto',1,13);
INSERT INTO MUNICIPIOS (ID_MUNICIPIO, NOMBRE_MUNICIPIO, ESTADO, DEPARTAMENTO_ID) values(815,'San Jacinto del Cauca',1,13);
INSERT INTO MUNICIPIOS (ID_MUNICIPIO, NOMBRE_MUNICIPIO, ESTADO, DEPARTAMENTO_ID) values(816,'San Jerónimo',1,5);
INSERT INTO MUNICIPIOS (ID_MUNICIPIO, NOMBRE_MUNICIPIO, ESTADO, DEPARTAMENTO_ID) values(817,'San Joaquín',1,68);
INSERT INTO MUNICIPIOS (ID_MUNICIPIO, NOMBRE_MUNICIPIO, ESTADO, DEPARTAMENTO_ID) values(818,'San José',1,17);
INSERT INTO MUNICIPIOS (ID_MUNICIPIO, NOMBRE_MUNICIPIO, ESTADO, DEPARTAMENTO_ID) values(819,'San José de Miranda',1,68);
INSERT INTO MUNICIPIOS (ID_MUNICIPIO, NOMBRE_MUNICIPIO, ESTADO, DEPARTAMENTO_ID) values(820,'San José de Montaña',1,5);
INSERT INTO MUNICIPIOS (ID_MUNICIPIO, NOMBRE_MUNICIPIO, ESTADO, DEPARTAMENTO_ID) values(821,'San José de Pare',1,15);
INSERT INTO MUNICIPIOS (ID_MUNICIPIO, NOMBRE_MUNICIPIO, ESTADO, DEPARTAMENTO_ID) values(822,'San José de Uré',1,23);
INSERT INTO MUNICIPIOS (ID_MUNICIPIO, NOMBRE_MUNICIPIO, ESTADO, DEPARTAMENTO_ID) values(823,'San José del Fragua',1,18);
INSERT INTO MUNICIPIOS (ID_MUNICIPIO, NOMBRE_MUNICIPIO, ESTADO, DEPARTAMENTO_ID) values(824,'San José del Guaviare',1,95);
INSERT INTO MUNICIPIOS (ID_MUNICIPIO, NOMBRE_MUNICIPIO, ESTADO, DEPARTAMENTO_ID) values(825,'San José del Palmar',1,27);
INSERT INTO MUNICIPIOS (ID_MUNICIPIO, NOMBRE_MUNICIPIO, ESTADO, DEPARTAMENTO_ID) values(826,'San Juan de Arama',1,50);
INSERT INTO MUNICIPIOS (ID_MUNICIPIO, NOMBRE_MUNICIPIO, ESTADO, DEPARTAMENTO_ID) values(827,'San Juan de Betulia',1,70);
INSERT INTO MUNICIPIOS (ID_MUNICIPIO, NOMBRE_MUNICIPIO, ESTADO, DEPARTAMENTO_ID) values(828,'San Juan de Nepomuceno',1,13);
INSERT INTO MUNICIPIOS (ID_MUNICIPIO, NOMBRE_MUNICIPIO, ESTADO, DEPARTAMENTO_ID) values(829,'San Juan de Pasto',1,52);
INSERT INTO MUNICIPIOS (ID_MUNICIPIO, NOMBRE_MUNICIPIO, ESTADO, DEPARTAMENTO_ID) values(830,'San Juan de Río Seco',1,25);
INSERT INTO MUNICIPIOS (ID_MUNICIPIO, NOMBRE_MUNICIPIO, ESTADO, DEPARTAMENTO_ID) values(831,'San Juan de Urabá',1,5);
INSERT INTO MUNICIPIOS (ID_MUNICIPIO, NOMBRE_MUNICIPIO, ESTADO, DEPARTAMENTO_ID) values(832,'San Juan del Cesar',1,44);
INSERT INTO MUNICIPIOS (ID_MUNICIPIO, NOMBRE_MUNICIPIO, ESTADO, DEPARTAMENTO_ID) values(833,'San Juanito',1,50);
INSERT INTO MUNICIPIOS (ID_MUNICIPIO, NOMBRE_MUNICIPIO, ESTADO, DEPARTAMENTO_ID) values(834,'San Lorenzo',1,52);
INSERT INTO MUNICIPIOS (ID_MUNICIPIO, NOMBRE_MUNICIPIO, ESTADO, DEPARTAMENTO_ID) values(835,'San Luis',1,73);
INSERT INTO MUNICIPIOS (ID_MUNICIPIO, NOMBRE_MUNICIPIO, ESTADO, DEPARTAMENTO_ID) values(836,'San Luís',1,5);
INSERT INTO MUNICIPIOS (ID_MUNICIPIO, NOMBRE_MUNICIPIO, ESTADO, DEPARTAMENTO_ID) values(837,'San Luís de Gaceno',1,15);
INSERT INTO MUNICIPIOS (ID_MUNICIPIO, NOMBRE_MUNICIPIO, ESTADO, DEPARTAMENTO_ID) values(838,'San Luís de Palenque',1,85);
INSERT INTO MUNICIPIOS (ID_MUNICIPIO, NOMBRE_MUNICIPIO, ESTADO, DEPARTAMENTO_ID) values(839,'San Marcos',1,70);
INSERT INTO MUNICIPIOS (ID_MUNICIPIO, NOMBRE_MUNICIPIO, ESTADO, DEPARTAMENTO_ID) values(840,'San Martín',1,20);
INSERT INTO MUNICIPIOS (ID_MUNICIPIO, NOMBRE_MUNICIPIO, ESTADO, DEPARTAMENTO_ID) values(841,'San Martín',1,50);
INSERT INTO MUNICIPIOS (ID_MUNICIPIO, NOMBRE_MUNICIPIO, ESTADO, DEPARTAMENTO_ID) values(842,'San Martín de Loba',1,13);
INSERT INTO MUNICIPIOS (ID_MUNICIPIO, NOMBRE_MUNICIPIO, ESTADO, DEPARTAMENTO_ID) values(843,'San Mateo',1,15);
INSERT INTO MUNICIPIOS (ID_MUNICIPIO, NOMBRE_MUNICIPIO, ESTADO, DEPARTAMENTO_ID) values(844,'San Miguel',1,68);
INSERT INTO MUNICIPIOS (ID_MUNICIPIO, NOMBRE_MUNICIPIO, ESTADO, DEPARTAMENTO_ID) values(845,'San Miguel',1,86);
INSERT INTO MUNICIPIOS (ID_MUNICIPIO, NOMBRE_MUNICIPIO, ESTADO, DEPARTAMENTO_ID) values(846,'San Miguel de Sema',1,15);
INSERT INTO MUNICIPIOS (ID_MUNICIPIO, NOMBRE_MUNICIPIO, ESTADO, DEPARTAMENTO_ID) values(847,'San Onofre',1,70);
INSERT INTO MUNICIPIOS (ID_MUNICIPIO, NOMBRE_MUNICIPIO, ESTADO, DEPARTAMENTO_ID) values(848,'San Pablo',1,13);
INSERT INTO MUNICIPIOS (ID_MUNICIPIO, NOMBRE_MUNICIPIO, ESTADO, DEPARTAMENTO_ID) values(849,'San Pablo',1,52);
INSERT INTO MUNICIPIOS (ID_MUNICIPIO, NOMBRE_MUNICIPIO, ESTADO, DEPARTAMENTO_ID) values(850,'San Pablo de Borbur',1,15);
INSERT INTO MUNICIPIOS (ID_MUNICIPIO, NOMBRE_MUNICIPIO, ESTADO, DEPARTAMENTO_ID) values(851,'San Pedro',1,5);
INSERT INTO MUNICIPIOS (ID_MUNICIPIO, NOMBRE_MUNICIPIO, ESTADO, DEPARTAMENTO_ID) values(852,'San Pedro',1,70);
INSERT INTO MUNICIPIOS (ID_MUNICIPIO, NOMBRE_MUNICIPIO, ESTADO, DEPARTAMENTO_ID) values(853,'San Pedro',1,76);
INSERT INTO MUNICIPIOS (ID_MUNICIPIO, NOMBRE_MUNICIPIO, ESTADO, DEPARTAMENTO_ID) values(854,'San Pedro de Cartago',1,52);
INSERT INTO MUNICIPIOS (ID_MUNICIPIO, NOMBRE_MUNICIPIO, ESTADO, DEPARTAMENTO_ID) values(855,'San Pedro de Urabá',1,5);
INSERT INTO MUNICIPIOS (ID_MUNICIPIO, NOMBRE_MUNICIPIO, ESTADO, DEPARTAMENTO_ID) values(856,'San Pelayo',1,23);
INSERT INTO MUNICIPIOS (ID_MUNICIPIO, NOMBRE_MUNICIPIO, ESTADO, DEPARTAMENTO_ID) values(857,'San Rafael',1,5);
INSERT INTO MUNICIPIOS (ID_MUNICIPIO, NOMBRE_MUNICIPIO, ESTADO, DEPARTAMENTO_ID) values(858,'San Roque',1,5);
INSERT INTO MUNICIPIOS (ID_MUNICIPIO, NOMBRE_MUNICIPIO, ESTADO, DEPARTAMENTO_ID) values(859,'San Sebastián',1,19);
INSERT INTO MUNICIPIOS (ID_MUNICIPIO, NOMBRE_MUNICIPIO, ESTADO, DEPARTAMENTO_ID) values(860,'San Sebastián de Buenavista',1,47);
INSERT INTO MUNICIPIOS (ID_MUNICIPIO, NOMBRE_MUNICIPIO, ESTADO, DEPARTAMENTO_ID) values(861,'San Vicente',1,5);
INSERT INTO MUNICIPIOS (ID_MUNICIPIO, NOMBRE_MUNICIPIO, ESTADO, DEPARTAMENTO_ID) values(862,'San Vicente del Caguán',1,18);
INSERT INTO MUNICIPIOS (ID_MUNICIPIO, NOMBRE_MUNICIPIO, ESTADO, DEPARTAMENTO_ID) values(863,'San Vicente del Chucurí',1,68);
INSERT INTO MUNICIPIOS (ID_MUNICIPIO, NOMBRE_MUNICIPIO, ESTADO, DEPARTAMENTO_ID) values(864,'San Zenón',1,47);
INSERT INTO MUNICIPIOS (ID_MUNICIPIO, NOMBRE_MUNICIPIO, ESTADO, DEPARTAMENTO_ID) values(865,'Sandoná',1,52);
INSERT INTO MUNICIPIOS (ID_MUNICIPIO, NOMBRE_MUNICIPIO, ESTADO, DEPARTAMENTO_ID) values(866,'Santa Ana',1,47);
INSERT INTO MUNICIPIOS (ID_MUNICIPIO, NOMBRE_MUNICIPIO, ESTADO, DEPARTAMENTO_ID) values(867,'Santa Bárbara',1,5);
INSERT INTO MUNICIPIOS (ID_MUNICIPIO, NOMBRE_MUNICIPIO, ESTADO, DEPARTAMENTO_ID) values(868,'Santa Bárbara',1,68);
INSERT INTO MUNICIPIOS (ID_MUNICIPIO, NOMBRE_MUNICIPIO, ESTADO, DEPARTAMENTO_ID) values(869,'Santa Bárbara (Iscuandé)',1,52);
INSERT INTO MUNICIPIOS (ID_MUNICIPIO, NOMBRE_MUNICIPIO, ESTADO, DEPARTAMENTO_ID) values(870,'Santa Bárbara de Pinto',1,47);
INSERT INTO MUNICIPIOS (ID_MUNICIPIO, NOMBRE_MUNICIPIO, ESTADO, DEPARTAMENTO_ID) values(871,'Santa Catalina',1,13);
INSERT INTO MUNICIPIOS (ID_MUNICIPIO, NOMBRE_MUNICIPIO, ESTADO, DEPARTAMENTO_ID) values(872,'Santa Fé de Antioquia',1,5);
INSERT INTO MUNICIPIOS (ID_MUNICIPIO, NOMBRE_MUNICIPIO, ESTADO, DEPARTAMENTO_ID) values(873,'Santa Genoveva de Docorodó',1,27);
INSERT INTO MUNICIPIOS (ID_MUNICIPIO, NOMBRE_MUNICIPIO, ESTADO, DEPARTAMENTO_ID) values(874,'Santa Helena del Opón',1,68);
INSERT INTO MUNICIPIOS (ID_MUNICIPIO, NOMBRE_MUNICIPIO, ESTADO, DEPARTAMENTO_ID) values(875,'Santa Isabel',1,73);
INSERT INTO MUNICIPIOS (ID_MUNICIPIO, NOMBRE_MUNICIPIO, ESTADO, DEPARTAMENTO_ID) values(876,'Santa Lucía',1,8);
INSERT INTO MUNICIPIOS (ID_MUNICIPIO, NOMBRE_MUNICIPIO, ESTADO, DEPARTAMENTO_ID) values(877,'Santa Marta',1,47);
INSERT INTO MUNICIPIOS (ID_MUNICIPIO, NOMBRE_MUNICIPIO, ESTADO, DEPARTAMENTO_ID) values(878,'Santa María',1,15);
INSERT INTO MUNICIPIOS (ID_MUNICIPIO, NOMBRE_MUNICIPIO, ESTADO, DEPARTAMENTO_ID) values(879,'Santa María',1,41);
INSERT INTO MUNICIPIOS (ID_MUNICIPIO, NOMBRE_MUNICIPIO, ESTADO, DEPARTAMENTO_ID) values(880,'Santa Rosa',1,13);
INSERT INTO MUNICIPIOS (ID_MUNICIPIO, NOMBRE_MUNICIPIO, ESTADO, DEPARTAMENTO_ID) values(881,'Santa Rosa',1,19);
INSERT INTO MUNICIPIOS (ID_MUNICIPIO, NOMBRE_MUNICIPIO, ESTADO, DEPARTAMENTO_ID) values(882,'Santa Rosa de Cabal',1,66);
INSERT INTO MUNICIPIOS (ID_MUNICIPIO, NOMBRE_MUNICIPIO, ESTADO, DEPARTAMENTO_ID) values(883,'Santa Rosa de Osos',1,5);
INSERT INTO MUNICIPIOS (ID_MUNICIPIO, NOMBRE_MUNICIPIO, ESTADO, DEPARTAMENTO_ID) values(884,'Santa Rosa de Viterbo',1,15);
INSERT INTO MUNICIPIOS (ID_MUNICIPIO, NOMBRE_MUNICIPIO, ESTADO, DEPARTAMENTO_ID) values(885,'Santa Rosa del Sur',1,13);
INSERT INTO MUNICIPIOS (ID_MUNICIPIO, NOMBRE_MUNICIPIO, ESTADO, DEPARTAMENTO_ID) values(886,'Santa Rosalía',1,99);
INSERT INTO MUNICIPIOS (ID_MUNICIPIO, NOMBRE_MUNICIPIO, ESTADO, DEPARTAMENTO_ID) values(887,'Santa Sofía',1,15);
INSERT INTO MUNICIPIOS (ID_MUNICIPIO, NOMBRE_MUNICIPIO, ESTADO, DEPARTAMENTO_ID) values(888,'Santana',1,15);
INSERT INTO MUNICIPIOS (ID_MUNICIPIO, NOMBRE_MUNICIPIO, ESTADO, DEPARTAMENTO_ID) values(889,'Santander de Quilichao',1,19);
INSERT INTO MUNICIPIOS (ID_MUNICIPIO, NOMBRE_MUNICIPIO, ESTADO, DEPARTAMENTO_ID) values(890,'Santiago',1,54);
INSERT INTO MUNICIPIOS (ID_MUNICIPIO, NOMBRE_MUNICIPIO, ESTADO, DEPARTAMENTO_ID) values(891,'Santiago',1,86);
INSERT INTO MUNICIPIOS (ID_MUNICIPIO, NOMBRE_MUNICIPIO, ESTADO, DEPARTAMENTO_ID) values(892,'Santo Domingo',1,5);
INSERT INTO MUNICIPIOS (ID_MUNICIPIO, NOMBRE_MUNICIPIO, ESTADO, DEPARTAMENTO_ID) values(893,'Santo Tomás',1,8);
INSERT INTO MUNICIPIOS (ID_MUNICIPIO, NOMBRE_MUNICIPIO, ESTADO, DEPARTAMENTO_ID) values(894,'Santuario',1,5);
INSERT INTO MUNICIPIOS (ID_MUNICIPIO, NOMBRE_MUNICIPIO, ESTADO, DEPARTAMENTO_ID) values(895,'Santuario',1,66);
INSERT INTO MUNICIPIOS (ID_MUNICIPIO, NOMBRE_MUNICIPIO, ESTADO, DEPARTAMENTO_ID) values(896,'Sapuyes',1,52);
INSERT INTO MUNICIPIOS (ID_MUNICIPIO, NOMBRE_MUNICIPIO, ESTADO, DEPARTAMENTO_ID) values(897,'Saravena',1,81);
INSERT INTO MUNICIPIOS (ID_MUNICIPIO, NOMBRE_MUNICIPIO, ESTADO, DEPARTAMENTO_ID) values(898,'Sardinata',1,54);
INSERT INTO MUNICIPIOS (ID_MUNICIPIO, NOMBRE_MUNICIPIO, ESTADO, DEPARTAMENTO_ID) values(899,'Sasaima',1,25);
INSERT INTO MUNICIPIOS (ID_MUNICIPIO, NOMBRE_MUNICIPIO, ESTADO, DEPARTAMENTO_ID) values(900,'Sativanorte',1,15);
INSERT INTO MUNICIPIOS (ID_MUNICIPIO, NOMBRE_MUNICIPIO, ESTADO, DEPARTAMENTO_ID) values(901,'Sativasur',1,15);
INSERT INTO MUNICIPIOS (ID_MUNICIPIO, NOMBRE_MUNICIPIO, ESTADO, DEPARTAMENTO_ID) values(902,'Segovia',1,5);
INSERT INTO MUNICIPIOS (ID_MUNICIPIO, NOMBRE_MUNICIPIO, ESTADO, DEPARTAMENTO_ID) values(903,'Sesquilé',1,25);
INSERT INTO MUNICIPIOS (ID_MUNICIPIO, NOMBRE_MUNICIPIO, ESTADO, DEPARTAMENTO_ID) values(904,'Sevilla',1,76);
INSERT INTO MUNICIPIOS (ID_MUNICIPIO, NOMBRE_MUNICIPIO, ESTADO, DEPARTAMENTO_ID) values(905,'Siachoque',1,15);
INSERT INTO MUNICIPIOS (ID_MUNICIPIO, NOMBRE_MUNICIPIO, ESTADO, DEPARTAMENTO_ID) values(906,'Sibaté',1,25);
INSERT INTO MUNICIPIOS (ID_MUNICIPIO, NOMBRE_MUNICIPIO, ESTADO, DEPARTAMENTO_ID) values(907,'Sibundoy',1,86);
INSERT INTO MUNICIPIOS (ID_MUNICIPIO, NOMBRE_MUNICIPIO, ESTADO, DEPARTAMENTO_ID) values(908,'Silos',1,54);
INSERT INTO MUNICIPIOS (ID_MUNICIPIO, NOMBRE_MUNICIPIO, ESTADO, DEPARTAMENTO_ID) values(909,'Silvania',1,25);
INSERT INTO MUNICIPIOS (ID_MUNICIPIO, NOMBRE_MUNICIPIO, ESTADO, DEPARTAMENTO_ID) values(910,'Silvia',1,19);
INSERT INTO MUNICIPIOS (ID_MUNICIPIO, NOMBRE_MUNICIPIO, ESTADO, DEPARTAMENTO_ID) values(911,'Simacota',1,68);
INSERT INTO MUNICIPIOS (ID_MUNICIPIO, NOMBRE_MUNICIPIO, ESTADO, DEPARTAMENTO_ID) values(912,'Simijaca',1,25);
INSERT INTO MUNICIPIOS (ID_MUNICIPIO, NOMBRE_MUNICIPIO, ESTADO, DEPARTAMENTO_ID) values(913,'Simití',1,13);
INSERT INTO MUNICIPIOS (ID_MUNICIPIO, NOMBRE_MUNICIPIO, ESTADO, DEPARTAMENTO_ID) values(914,'Sincelejo',1,70);
INSERT INTO MUNICIPIOS (ID_MUNICIPIO, NOMBRE_MUNICIPIO, ESTADO, DEPARTAMENTO_ID) values(915,'Sincé',1,70);
INSERT INTO MUNICIPIOS (ID_MUNICIPIO, NOMBRE_MUNICIPIO, ESTADO, DEPARTAMENTO_ID) values(916,'Sipí',1,27);
INSERT INTO MUNICIPIOS (ID_MUNICIPIO, NOMBRE_MUNICIPIO, ESTADO, DEPARTAMENTO_ID) values(917,'Sitionuevo',1,47);
INSERT INTO MUNICIPIOS (ID_MUNICIPIO, NOMBRE_MUNICIPIO, ESTADO, DEPARTAMENTO_ID) values(918,'Soacha',1,25);
INSERT INTO MUNICIPIOS (ID_MUNICIPIO, NOMBRE_MUNICIPIO, ESTADO, DEPARTAMENTO_ID) values(919,'Soatá',1,15);
INSERT INTO MUNICIPIOS (ID_MUNICIPIO, NOMBRE_MUNICIPIO, ESTADO, DEPARTAMENTO_ID) values(920,'Socha',1,15);
INSERT INTO MUNICIPIOS (ID_MUNICIPIO, NOMBRE_MUNICIPIO, ESTADO, DEPARTAMENTO_ID) values(921,'Socorro',1,68);
INSERT INTO MUNICIPIOS (ID_MUNICIPIO, NOMBRE_MUNICIPIO, ESTADO, DEPARTAMENTO_ID) values(922,'Socotá',1,15);
INSERT INTO MUNICIPIOS (ID_MUNICIPIO, NOMBRE_MUNICIPIO, ESTADO, DEPARTAMENTO_ID) values(923,'Sogamoso',1,15);
INSERT INTO MUNICIPIOS (ID_MUNICIPIO, NOMBRE_MUNICIPIO, ESTADO, DEPARTAMENTO_ID) values(924,'Solano',1,18);
INSERT INTO MUNICIPIOS (ID_MUNICIPIO, NOMBRE_MUNICIPIO, ESTADO, DEPARTAMENTO_ID) values(925,'Soledad',1,8);
INSERT INTO MUNICIPIOS (ID_MUNICIPIO, NOMBRE_MUNICIPIO, ESTADO, DEPARTAMENTO_ID) values(926,'Solita',1,18);
INSERT INTO MUNICIPIOS (ID_MUNICIPIO, NOMBRE_MUNICIPIO, ESTADO, DEPARTAMENTO_ID) values(927,'Somondoco',1,15);
INSERT INTO MUNICIPIOS (ID_MUNICIPIO, NOMBRE_MUNICIPIO, ESTADO, DEPARTAMENTO_ID) values(928,'Sonsón',1,5);
INSERT INTO MUNICIPIOS (ID_MUNICIPIO, NOMBRE_MUNICIPIO, ESTADO, DEPARTAMENTO_ID) values(929,'Sopetrán',1,5);
INSERT INTO MUNICIPIOS (ID_MUNICIPIO, NOMBRE_MUNICIPIO, ESTADO, DEPARTAMENTO_ID) values(930,'Soplaviento',1,13);
INSERT INTO MUNICIPIOS (ID_MUNICIPIO, NOMBRE_MUNICIPIO, ESTADO, DEPARTAMENTO_ID) values(931,'Sopó',1,25);
INSERT INTO MUNICIPIOS (ID_MUNICIPIO, NOMBRE_MUNICIPIO, ESTADO, DEPARTAMENTO_ID) values(932,'Sora',1,15);
INSERT INTO MUNICIPIOS (ID_MUNICIPIO, NOMBRE_MUNICIPIO, ESTADO, DEPARTAMENTO_ID) values(933,'Soracá',1,15);
INSERT INTO MUNICIPIOS (ID_MUNICIPIO, NOMBRE_MUNICIPIO, ESTADO, DEPARTAMENTO_ID) values(934,'Sotaquirá',1,15);
INSERT INTO MUNICIPIOS (ID_MUNICIPIO, NOMBRE_MUNICIPIO, ESTADO, DEPARTAMENTO_ID) values(935,'Sotara (Paispamba)',1,19);
INSERT INTO MUNICIPIOS (ID_MUNICIPIO, NOMBRE_MUNICIPIO, ESTADO, DEPARTAMENTO_ID) values(936,'Sotomayor (Los Andes)',1,52);
INSERT INTO MUNICIPIOS (ID_MUNICIPIO, NOMBRE_MUNICIPIO, ESTADO, DEPARTAMENTO_ID) values(937,'Suaita',1,68);
INSERT INTO MUNICIPIOS (ID_MUNICIPIO, NOMBRE_MUNICIPIO, ESTADO, DEPARTAMENTO_ID) values(938,'Suan',1,8);
INSERT INTO MUNICIPIOS (ID_MUNICIPIO, NOMBRE_MUNICIPIO, ESTADO, DEPARTAMENTO_ID) values(939,'Suaza',1,41);
INSERT INTO MUNICIPIOS (ID_MUNICIPIO, NOMBRE_MUNICIPIO, ESTADO, DEPARTAMENTO_ID) values(940,'Subachoque',1,25);
INSERT INTO MUNICIPIOS (ID_MUNICIPIO, NOMBRE_MUNICIPIO, ESTADO, DEPARTAMENTO_ID) values(941,'Sucre',1,19);
INSERT INTO MUNICIPIOS (ID_MUNICIPIO, NOMBRE_MUNICIPIO, ESTADO, DEPARTAMENTO_ID) values(942,'Sucre',1,68);
INSERT INTO MUNICIPIOS (ID_MUNICIPIO, NOMBRE_MUNICIPIO, ESTADO, DEPARTAMENTO_ID) values(943,'Sucre',1,70);
INSERT INTO MUNICIPIOS (ID_MUNICIPIO, NOMBRE_MUNICIPIO, ESTADO, DEPARTAMENTO_ID) values(944,'Suesca',1,25);
INSERT INTO MUNICIPIOS (ID_MUNICIPIO, NOMBRE_MUNICIPIO, ESTADO, DEPARTAMENTO_ID) values(945,'Supatá',1,25);
INSERT INTO MUNICIPIOS (ID_MUNICIPIO, NOMBRE_MUNICIPIO, ESTADO, DEPARTAMENTO_ID) values(946,'Supía',1,17);
INSERT INTO MUNICIPIOS (ID_MUNICIPIO, NOMBRE_MUNICIPIO, ESTADO, DEPARTAMENTO_ID) values(947,'Suratá',1,68);
INSERT INTO MUNICIPIOS (ID_MUNICIPIO, NOMBRE_MUNICIPIO, ESTADO, DEPARTAMENTO_ID) values(948,'Susa',1,25);
INSERT INTO MUNICIPIOS (ID_MUNICIPIO, NOMBRE_MUNICIPIO, ESTADO, DEPARTAMENTO_ID) values(949,'Susacón',1,15);
INSERT INTO MUNICIPIOS (ID_MUNICIPIO, NOMBRE_MUNICIPIO, ESTADO, DEPARTAMENTO_ID) values(950,'Sutamarchán',1,15);
INSERT INTO MUNICIPIOS (ID_MUNICIPIO, NOMBRE_MUNICIPIO, ESTADO, DEPARTAMENTO_ID) values(951,'Sutatausa',1,25);
INSERT INTO MUNICIPIOS (ID_MUNICIPIO, NOMBRE_MUNICIPIO, ESTADO, DEPARTAMENTO_ID) values(952,'Sutatenza',1,15);
INSERT INTO MUNICIPIOS (ID_MUNICIPIO, NOMBRE_MUNICIPIO, ESTADO, DEPARTAMENTO_ID) values(953,'Suárez',1,19);
INSERT INTO MUNICIPIOS (ID_MUNICIPIO, NOMBRE_MUNICIPIO, ESTADO, DEPARTAMENTO_ID) values(954,'Suárez',1,73);
INSERT INTO MUNICIPIOS (ID_MUNICIPIO, NOMBRE_MUNICIPIO, ESTADO, DEPARTAMENTO_ID) values(955,'Sácama',1,85);
INSERT INTO MUNICIPIOS (ID_MUNICIPIO, NOMBRE_MUNICIPIO, ESTADO, DEPARTAMENTO_ID) values(956,'Sáchica',1,15);
INSERT INTO MUNICIPIOS (ID_MUNICIPIO, NOMBRE_MUNICIPIO, ESTADO, DEPARTAMENTO_ID) values(957,'Tabio',1,25);
INSERT INTO MUNICIPIOS (ID_MUNICIPIO, NOMBRE_MUNICIPIO, ESTADO, DEPARTAMENTO_ID) values(958,'Tadó',1,27);
INSERT INTO MUNICIPIOS (ID_MUNICIPIO, NOMBRE_MUNICIPIO, ESTADO, DEPARTAMENTO_ID) values(959,'Talaigua Nuevo',1,13);
INSERT INTO MUNICIPIOS (ID_MUNICIPIO, NOMBRE_MUNICIPIO, ESTADO, DEPARTAMENTO_ID) values(960,'Tamalameque',1,20);
INSERT INTO MUNICIPIOS (ID_MUNICIPIO, NOMBRE_MUNICIPIO, ESTADO, DEPARTAMENTO_ID) values(961,'Tame',1,81);
INSERT INTO MUNICIPIOS (ID_MUNICIPIO, NOMBRE_MUNICIPIO, ESTADO, DEPARTAMENTO_ID) values(962,'Taminango',1,52);
INSERT INTO MUNICIPIOS (ID_MUNICIPIO, NOMBRE_MUNICIPIO, ESTADO, DEPARTAMENTO_ID) values(963,'Tangua',1,52);
INSERT INTO MUNICIPIOS (ID_MUNICIPIO, NOMBRE_MUNICIPIO, ESTADO, DEPARTAMENTO_ID) values(964,'Taraira',1,97);
INSERT INTO MUNICIPIOS (ID_MUNICIPIO, NOMBRE_MUNICIPIO, ESTADO, DEPARTAMENTO_ID) values(965,'Tarazá',1,5);
INSERT INTO MUNICIPIOS (ID_MUNICIPIO, NOMBRE_MUNICIPIO, ESTADO, DEPARTAMENTO_ID) values(966,'Tarqui',1,41);
INSERT INTO MUNICIPIOS (ID_MUNICIPIO, NOMBRE_MUNICIPIO, ESTADO, DEPARTAMENTO_ID) values(967,'Tarso',1,5);
INSERT INTO MUNICIPIOS (ID_MUNICIPIO, NOMBRE_MUNICIPIO, ESTADO, DEPARTAMENTO_ID) values(968,'Tasco',1,15);
INSERT INTO MUNICIPIOS (ID_MUNICIPIO, NOMBRE_MUNICIPIO, ESTADO, DEPARTAMENTO_ID) values(969,'Tauramena',1,85);
INSERT INTO MUNICIPIOS (ID_MUNICIPIO, NOMBRE_MUNICIPIO, ESTADO, DEPARTAMENTO_ID) values(970,'Tausa',1,25);
INSERT INTO MUNICIPIOS (ID_MUNICIPIO, NOMBRE_MUNICIPIO, ESTADO, DEPARTAMENTO_ID) values(971,'Tello',1,41);
INSERT INTO MUNICIPIOS (ID_MUNICIPIO, NOMBRE_MUNICIPIO, ESTADO, DEPARTAMENTO_ID) values(972,'Tena',1,25);
INSERT INTO MUNICIPIOS (ID_MUNICIPIO, NOMBRE_MUNICIPIO, ESTADO, DEPARTAMENTO_ID) values(973,'Tenerife',1,47);
INSERT INTO MUNICIPIOS (ID_MUNICIPIO, NOMBRE_MUNICIPIO, ESTADO, DEPARTAMENTO_ID) values(974,'Tenjo',1,25);
INSERT INTO MUNICIPIOS (ID_MUNICIPIO, NOMBRE_MUNICIPIO, ESTADO, DEPARTAMENTO_ID) values(975,'Tenza',1,15);
INSERT INTO MUNICIPIOS (ID_MUNICIPIO, NOMBRE_MUNICIPIO, ESTADO, DEPARTAMENTO_ID) values(976,'Teorama',1,54);
INSERT INTO MUNICIPIOS (ID_MUNICIPIO, NOMBRE_MUNICIPIO, ESTADO, DEPARTAMENTO_ID) values(977,'Teruel',1,41);
INSERT INTO MUNICIPIOS (ID_MUNICIPIO, NOMBRE_MUNICIPIO, ESTADO, DEPARTAMENTO_ID) values(978,'Tesalia',1,41);
INSERT INTO MUNICIPIOS (ID_MUNICIPIO, NOMBRE_MUNICIPIO, ESTADO, DEPARTAMENTO_ID) values(979,'Tibacuy',1,25);
INSERT INTO MUNICIPIOS (ID_MUNICIPIO, NOMBRE_MUNICIPIO, ESTADO, DEPARTAMENTO_ID) values(980,'Tibaná',1,15);
INSERT INTO MUNICIPIOS (ID_MUNICIPIO, NOMBRE_MUNICIPIO, ESTADO, DEPARTAMENTO_ID) values(981,'Tibasosa',1,15);
INSERT INTO MUNICIPIOS (ID_MUNICIPIO, NOMBRE_MUNICIPIO, ESTADO, DEPARTAMENTO_ID) values(982,'Tibirita',1,25);
INSERT INTO MUNICIPIOS (ID_MUNICIPIO, NOMBRE_MUNICIPIO, ESTADO, DEPARTAMENTO_ID) values(983,'Tibú',1,54);
INSERT INTO MUNICIPIOS (ID_MUNICIPIO, NOMBRE_MUNICIPIO, ESTADO, DEPARTAMENTO_ID) values(984,'Tierralta',1,23);
INSERT INTO MUNICIPIOS (ID_MUNICIPIO, NOMBRE_MUNICIPIO, ESTADO, DEPARTAMENTO_ID) values(985,'Timaná',1,41);
INSERT INTO MUNICIPIOS (ID_MUNICIPIO, NOMBRE_MUNICIPIO, ESTADO, DEPARTAMENTO_ID) values(986,'Timbiquí',1,19);
INSERT INTO MUNICIPIOS (ID_MUNICIPIO, NOMBRE_MUNICIPIO, ESTADO, DEPARTAMENTO_ID) values(987,'Timbío',1,19);
INSERT INTO MUNICIPIOS (ID_MUNICIPIO, NOMBRE_MUNICIPIO, ESTADO, DEPARTAMENTO_ID) values(988,'Tinjacá',1,15);
INSERT INTO MUNICIPIOS (ID_MUNICIPIO, NOMBRE_MUNICIPIO, ESTADO, DEPARTAMENTO_ID) values(989,'Tipacoque',1,15);
INSERT INTO MUNICIPIOS (ID_MUNICIPIO, NOMBRE_MUNICIPIO, ESTADO, DEPARTAMENTO_ID) values(990,'Tiquisio (Puerto Rico)',1,13);
INSERT INTO MUNICIPIOS (ID_MUNICIPIO, NOMBRE_MUNICIPIO, ESTADO, DEPARTAMENTO_ID) values(991,'Titiribí',1,5);
INSERT INTO MUNICIPIOS (ID_MUNICIPIO, NOMBRE_MUNICIPIO, ESTADO, DEPARTAMENTO_ID) values(992,'Toca',1,15);
INSERT INTO MUNICIPIOS (ID_MUNICIPIO, NOMBRE_MUNICIPIO, ESTADO, DEPARTAMENTO_ID) values(993,'Tocaima',1,25);
INSERT INTO MUNICIPIOS (ID_MUNICIPIO, NOMBRE_MUNICIPIO, ESTADO, DEPARTAMENTO_ID) values(994,'Tocancipá',1,25);
INSERT INTO MUNICIPIOS (ID_MUNICIPIO, NOMBRE_MUNICIPIO, ESTADO, DEPARTAMENTO_ID) values(995,'Toguí',1,15);
INSERT INTO MUNICIPIOS (ID_MUNICIPIO, NOMBRE_MUNICIPIO, ESTADO, DEPARTAMENTO_ID) values(996,'Toledo',1,5);
INSERT INTO MUNICIPIOS (ID_MUNICIPIO, NOMBRE_MUNICIPIO, ESTADO, DEPARTAMENTO_ID) values(997,'Toledo',1,54);
INSERT INTO MUNICIPIOS (ID_MUNICIPIO, NOMBRE_MUNICIPIO, ESTADO, DEPARTAMENTO_ID) values(998,'Tolú',1,70);
INSERT INTO MUNICIPIOS (ID_MUNICIPIO, NOMBRE_MUNICIPIO, ESTADO, DEPARTAMENTO_ID) values(999,'Tolú Viejo',1,70);
INSERT INTO MUNICIPIOS (ID_MUNICIPIO, NOMBRE_MUNICIPIO, ESTADO, DEPARTAMENTO_ID) values(1000,'Tona',1,68);
INSERT INTO MUNICIPIOS (ID_MUNICIPIO, NOMBRE_MUNICIPIO, ESTADO, DEPARTAMENTO_ID) values(1001,'Topagá',1,15);
INSERT INTO MUNICIPIOS (ID_MUNICIPIO, NOMBRE_MUNICIPIO, ESTADO, DEPARTAMENTO_ID) values(1002,'Topaipí',1,25);
INSERT INTO MUNICIPIOS (ID_MUNICIPIO, NOMBRE_MUNICIPIO, ESTADO, DEPARTAMENTO_ID) values(1003,'Toribío',1,19);
INSERT INTO MUNICIPIOS (ID_MUNICIPIO, NOMBRE_MUNICIPIO, ESTADO, DEPARTAMENTO_ID) values(1004,'Toro',1,76);
INSERT INTO MUNICIPIOS (ID_MUNICIPIO, NOMBRE_MUNICIPIO, ESTADO, DEPARTAMENTO_ID) values(1005,'Tota',1,15);
INSERT INTO MUNICIPIOS (ID_MUNICIPIO, NOMBRE_MUNICIPIO, ESTADO, DEPARTAMENTO_ID) values(1006,'Totoró',1,19);
INSERT INTO MUNICIPIOS (ID_MUNICIPIO, NOMBRE_MUNICIPIO, ESTADO, DEPARTAMENTO_ID) values(1007,'Trinidad',1,85);
INSERT INTO MUNICIPIOS (ID_MUNICIPIO, NOMBRE_MUNICIPIO, ESTADO, DEPARTAMENTO_ID) values(1008,'Trujillo',1,76);
INSERT INTO MUNICIPIOS (ID_MUNICIPIO, NOMBRE_MUNICIPIO, ESTADO, DEPARTAMENTO_ID) values(1009,'Tubará',1,8);
INSERT INTO MUNICIPIOS (ID_MUNICIPIO, NOMBRE_MUNICIPIO, ESTADO, DEPARTAMENTO_ID) values(1010,'Tuchín',1,23);
INSERT INTO MUNICIPIOS (ID_MUNICIPIO, NOMBRE_MUNICIPIO, ESTADO, DEPARTAMENTO_ID) values(1011,'Tulúa',1,76);
INSERT INTO MUNICIPIOS (ID_MUNICIPIO, NOMBRE_MUNICIPIO, ESTADO, DEPARTAMENTO_ID) values(1012,'Tumaco',1,52);
INSERT INTO MUNICIPIOS (ID_MUNICIPIO, NOMBRE_MUNICIPIO, ESTADO, DEPARTAMENTO_ID) values(1013,'Tunja',1,15);
INSERT INTO MUNICIPIOS (ID_MUNICIPIO, NOMBRE_MUNICIPIO, ESTADO, DEPARTAMENTO_ID) values(1014,'Tunungua',1,15);
INSERT INTO MUNICIPIOS (ID_MUNICIPIO, NOMBRE_MUNICIPIO, ESTADO, DEPARTAMENTO_ID) values(1015,'Turbaco',1,13);
INSERT INTO MUNICIPIOS (ID_MUNICIPIO, NOMBRE_MUNICIPIO, ESTADO, DEPARTAMENTO_ID) values(1016,'Turbaná',1,13);
INSERT INTO MUNICIPIOS (ID_MUNICIPIO, NOMBRE_MUNICIPIO, ESTADO, DEPARTAMENTO_ID) values(1017,'Turbo',1,5);
INSERT INTO MUNICIPIOS (ID_MUNICIPIO, NOMBRE_MUNICIPIO, ESTADO, DEPARTAMENTO_ID) values(1018,'Turmequé',1,15);
INSERT INTO MUNICIPIOS (ID_MUNICIPIO, NOMBRE_MUNICIPIO, ESTADO, DEPARTAMENTO_ID) values(1019,'Tuta',1,15);
INSERT INTO MUNICIPIOS (ID_MUNICIPIO, NOMBRE_MUNICIPIO, ESTADO, DEPARTAMENTO_ID) values(1020,'Tutasá',1,15);
INSERT INTO MUNICIPIOS (ID_MUNICIPIO, NOMBRE_MUNICIPIO, ESTADO, DEPARTAMENTO_ID) values(1021,'Támara',1,85);
INSERT INTO MUNICIPIOS (ID_MUNICIPIO, NOMBRE_MUNICIPIO, ESTADO, DEPARTAMENTO_ID) values(1022,'Támesis',1,5);
INSERT INTO MUNICIPIOS (ID_MUNICIPIO, NOMBRE_MUNICIPIO, ESTADO, DEPARTAMENTO_ID) values(1023,'Túquerres',1,52);
INSERT INTO MUNICIPIOS (ID_MUNICIPIO, NOMBRE_MUNICIPIO, ESTADO, DEPARTAMENTO_ID) values(1024,'Ubalá',1,25);
INSERT INTO MUNICIPIOS (ID_MUNICIPIO, NOMBRE_MUNICIPIO, ESTADO, DEPARTAMENTO_ID) values(1025,'Ubaque',1,25);
INSERT INTO MUNICIPIOS (ID_MUNICIPIO, NOMBRE_MUNICIPIO, ESTADO, DEPARTAMENTO_ID) values(1026,'Ubaté',1,25);
INSERT INTO MUNICIPIOS (ID_MUNICIPIO, NOMBRE_MUNICIPIO, ESTADO, DEPARTAMENTO_ID) values(1027,'Ulloa',1,76);
INSERT INTO MUNICIPIOS (ID_MUNICIPIO, NOMBRE_MUNICIPIO, ESTADO, DEPARTAMENTO_ID) values(1028,'Une',1,25);
INSERT INTO MUNICIPIOS (ID_MUNICIPIO, NOMBRE_MUNICIPIO, ESTADO, DEPARTAMENTO_ID) values(1029,'Unguía',1,27);
INSERT INTO MUNICIPIOS (ID_MUNICIPIO, NOMBRE_MUNICIPIO, ESTADO, DEPARTAMENTO_ID) values(1030,'Unión Panamericana (ÁNIMAS)',1,27);
INSERT INTO MUNICIPIOS (ID_MUNICIPIO, NOMBRE_MUNICIPIO, ESTADO, DEPARTAMENTO_ID) values(1031,'Uramita',1,5);
INSERT INTO MUNICIPIOS (ID_MUNICIPIO, NOMBRE_MUNICIPIO, ESTADO, DEPARTAMENTO_ID) values(1032,'Uribe',1,50);
INSERT INTO MUNICIPIOS (ID_MUNICIPIO, NOMBRE_MUNICIPIO, ESTADO, DEPARTAMENTO_ID) values(1033,'Uribia',1,44);
INSERT INTO MUNICIPIOS (ID_MUNICIPIO, NOMBRE_MUNICIPIO, ESTADO, DEPARTAMENTO_ID) values(1034,'Urrao',1,5);
INSERT INTO MUNICIPIOS (ID_MUNICIPIO, NOMBRE_MUNICIPIO, ESTADO, DEPARTAMENTO_ID) values(1035,'Urumita',1,44);
INSERT INTO MUNICIPIOS (ID_MUNICIPIO, NOMBRE_MUNICIPIO, ESTADO, DEPARTAMENTO_ID) values(1036,'Usiacuri',1,8);
INSERT INTO MUNICIPIOS (ID_MUNICIPIO, NOMBRE_MUNICIPIO, ESTADO, DEPARTAMENTO_ID) values(1037,'Valdivia',1,5);
INSERT INTO MUNICIPIOS (ID_MUNICIPIO, NOMBRE_MUNICIPIO, ESTADO, DEPARTAMENTO_ID) values(1038,'Valencia',1,23);
INSERT INTO MUNICIPIOS (ID_MUNICIPIO, NOMBRE_MUNICIPIO, ESTADO, DEPARTAMENTO_ID) values(1039,'Valle de San José',1,68);
INSERT INTO MUNICIPIOS (ID_MUNICIPIO, NOMBRE_MUNICIPIO, ESTADO, DEPARTAMENTO_ID) values(1040,'Valle de San Juan',1,73);
INSERT INTO MUNICIPIOS (ID_MUNICIPIO, NOMBRE_MUNICIPIO, ESTADO, DEPARTAMENTO_ID) values(1041,'Valle del Guamuez',1,86);
INSERT INTO MUNICIPIOS (ID_MUNICIPIO, NOMBRE_MUNICIPIO, ESTADO, DEPARTAMENTO_ID) values(1042,'Valledupar',1,20);
INSERT INTO MUNICIPIOS (ID_MUNICIPIO, NOMBRE_MUNICIPIO, ESTADO, DEPARTAMENTO_ID) values(1043,'Valparaiso',1,5);
INSERT INTO MUNICIPIOS (ID_MUNICIPIO, NOMBRE_MUNICIPIO, ESTADO, DEPARTAMENTO_ID) values(1044,'Valparaiso',1,18);
INSERT INTO MUNICIPIOS (ID_MUNICIPIO, NOMBRE_MUNICIPIO, ESTADO, DEPARTAMENTO_ID) values(1045,'Vegachí',1,5);
INSERT INTO MUNICIPIOS (ID_MUNICIPIO, NOMBRE_MUNICIPIO, ESTADO, DEPARTAMENTO_ID) values(1046,'Venadillo',1,73);
INSERT INTO MUNICIPIOS (ID_MUNICIPIO, NOMBRE_MUNICIPIO, ESTADO, DEPARTAMENTO_ID) values(1047,'Venecia',1,5);
INSERT INTO MUNICIPIOS (ID_MUNICIPIO, NOMBRE_MUNICIPIO, ESTADO, DEPARTAMENTO_ID) values(1048,'Venecia (Ospina Pérez)',1,25);
INSERT INTO MUNICIPIOS (ID_MUNICIPIO, NOMBRE_MUNICIPIO, ESTADO, DEPARTAMENTO_ID) values(1049,'Ventaquemada',1,15);
INSERT INTO MUNICIPIOS (ID_MUNICIPIO, NOMBRE_MUNICIPIO, ESTADO, DEPARTAMENTO_ID) values(1050,'Vergara',1,25);
INSERT INTO MUNICIPIOS (ID_MUNICIPIO, NOMBRE_MUNICIPIO, ESTADO, DEPARTAMENTO_ID) values(1051,'Versalles',1,76);
INSERT INTO MUNICIPIOS (ID_MUNICIPIO, NOMBRE_MUNICIPIO, ESTADO, DEPARTAMENTO_ID) values(1052,'Vetas',1,68);
INSERT INTO MUNICIPIOS (ID_MUNICIPIO, NOMBRE_MUNICIPIO, ESTADO, DEPARTAMENTO_ID) values(1053,'Viani',1,25);
INSERT INTO MUNICIPIOS (ID_MUNICIPIO, NOMBRE_MUNICIPIO, ESTADO, DEPARTAMENTO_ID) values(1054,'Vigía del Fuerte',1,5);
INSERT INTO MUNICIPIOS (ID_MUNICIPIO, NOMBRE_MUNICIPIO, ESTADO, DEPARTAMENTO_ID) values(1055,'Vijes',1,76);
INSERT INTO MUNICIPIOS (ID_MUNICIPIO, NOMBRE_MUNICIPIO, ESTADO, DEPARTAMENTO_ID) values(1056,'Villa Caro',1,54);
INSERT INTO MUNICIPIOS (ID_MUNICIPIO, NOMBRE_MUNICIPIO, ESTADO, DEPARTAMENTO_ID) values(1057,'Villa Rica',1,19);
INSERT INTO MUNICIPIOS (ID_MUNICIPIO, NOMBRE_MUNICIPIO, ESTADO, DEPARTAMENTO_ID) values(1058,'Villa de Leiva',1,15);
INSERT INTO MUNICIPIOS (ID_MUNICIPIO, NOMBRE_MUNICIPIO, ESTADO, DEPARTAMENTO_ID) values(1059,'Villa del Rosario',1,54);
INSERT INTO MUNICIPIOS (ID_MUNICIPIO, NOMBRE_MUNICIPIO, ESTADO, DEPARTAMENTO_ID) values(1060,'Villagarzón',1,86);
INSERT INTO MUNICIPIOS (ID_MUNICIPIO, NOMBRE_MUNICIPIO, ESTADO, DEPARTAMENTO_ID) values(1061,'Villagómez',1,25);
INSERT INTO MUNICIPIOS (ID_MUNICIPIO, NOMBRE_MUNICIPIO, ESTADO, DEPARTAMENTO_ID) values(1062,'Villahermosa',1,73);
INSERT INTO MUNICIPIOS (ID_MUNICIPIO, NOMBRE_MUNICIPIO, ESTADO, DEPARTAMENTO_ID) values(1063,'Villamaría',1,17);
INSERT INTO MUNICIPIOS (ID_MUNICIPIO, NOMBRE_MUNICIPIO, ESTADO, DEPARTAMENTO_ID) values(1064,'Villanueva',1,13);
INSERT INTO MUNICIPIOS (ID_MUNICIPIO, NOMBRE_MUNICIPIO, ESTADO, DEPARTAMENTO_ID) values(1065,'Villanueva',1,44);
INSERT INTO MUNICIPIOS (ID_MUNICIPIO, NOMBRE_MUNICIPIO, ESTADO, DEPARTAMENTO_ID) values(1066,'Villanueva',1,68);
INSERT INTO MUNICIPIOS (ID_MUNICIPIO, NOMBRE_MUNICIPIO, ESTADO, DEPARTAMENTO_ID) values(1067,'Villanueva',1,85);
INSERT INTO MUNICIPIOS (ID_MUNICIPIO, NOMBRE_MUNICIPIO, ESTADO, DEPARTAMENTO_ID) values(1068,'Villapinzón',1,25);
INSERT INTO MUNICIPIOS (ID_MUNICIPIO, NOMBRE_MUNICIPIO, ESTADO, DEPARTAMENTO_ID) values(1069,'Villarrica',1,73);
INSERT INTO MUNICIPIOS (ID_MUNICIPIO, NOMBRE_MUNICIPIO, ESTADO, DEPARTAMENTO_ID) values(1070,'Villavicencio',1,50);
INSERT INTO MUNICIPIOS (ID_MUNICIPIO, NOMBRE_MUNICIPIO, ESTADO, DEPARTAMENTO_ID) values(1071,'Villavieja',1,41);
INSERT INTO MUNICIPIOS (ID_MUNICIPIO, NOMBRE_MUNICIPIO, ESTADO, DEPARTAMENTO_ID) values(1072,'Villeta',1,25);
INSERT INTO MUNICIPIOS (ID_MUNICIPIO, NOMBRE_MUNICIPIO, ESTADO, DEPARTAMENTO_ID) values(1073,'Viotá',1,25);
INSERT INTO MUNICIPIOS (ID_MUNICIPIO, NOMBRE_MUNICIPIO, ESTADO, DEPARTAMENTO_ID) values(1074,'Viracachá',1,15);
INSERT INTO MUNICIPIOS (ID_MUNICIPIO, NOMBRE_MUNICIPIO, ESTADO, DEPARTAMENTO_ID) values(1075,'Vista Hermosa',1,50);
INSERT INTO MUNICIPIOS (ID_MUNICIPIO, NOMBRE_MUNICIPIO, ESTADO, DEPARTAMENTO_ID) values(1076,'Viterbo',1,17);
INSERT INTO MUNICIPIOS (ID_MUNICIPIO, NOMBRE_MUNICIPIO, ESTADO, DEPARTAMENTO_ID) values(1077,'Vélez',1,68);
INSERT INTO MUNICIPIOS (ID_MUNICIPIO, NOMBRE_MUNICIPIO, ESTADO, DEPARTAMENTO_ID) values(1078,'Yacopí',1,25);
INSERT INTO MUNICIPIOS (ID_MUNICIPIO, NOMBRE_MUNICIPIO, ESTADO, DEPARTAMENTO_ID) values(1079,'Yacuanquer',1,52);
INSERT INTO MUNICIPIOS (ID_MUNICIPIO, NOMBRE_MUNICIPIO, ESTADO, DEPARTAMENTO_ID) values(1080,'Yaguará',1,41);
INSERT INTO MUNICIPIOS (ID_MUNICIPIO, NOMBRE_MUNICIPIO, ESTADO, DEPARTAMENTO_ID) values(1081,'Yalí',1,5);
INSERT INTO MUNICIPIOS (ID_MUNICIPIO, NOMBRE_MUNICIPIO, ESTADO, DEPARTAMENTO_ID) values(1082,'Yarumal',1,5);
INSERT INTO MUNICIPIOS (ID_MUNICIPIO, NOMBRE_MUNICIPIO, ESTADO, DEPARTAMENTO_ID) values(1083,'Yolombó',1,5);
INSERT INTO MUNICIPIOS (ID_MUNICIPIO, NOMBRE_MUNICIPIO, ESTADO, DEPARTAMENTO_ID) values(1084,'Yondó (Casabe)',1,5);
INSERT INTO MUNICIPIOS (ID_MUNICIPIO, NOMBRE_MUNICIPIO, ESTADO, DEPARTAMENTO_ID) values(1085,'Yopal',1,85);
INSERT INTO MUNICIPIOS (ID_MUNICIPIO, NOMBRE_MUNICIPIO, ESTADO, DEPARTAMENTO_ID) values(1086,'Yotoco',1,76);
INSERT INTO MUNICIPIOS (ID_MUNICIPIO, NOMBRE_MUNICIPIO, ESTADO, DEPARTAMENTO_ID) values(1087,'Yumbo',1,76);
INSERT INTO MUNICIPIOS (ID_MUNICIPIO, NOMBRE_MUNICIPIO, ESTADO, DEPARTAMENTO_ID) values(1088,'Zambrano',1,13);
INSERT INTO MUNICIPIOS (ID_MUNICIPIO, NOMBRE_MUNICIPIO, ESTADO, DEPARTAMENTO_ID) values(1089,'Zapatoca',1,68);
INSERT INTO MUNICIPIOS (ID_MUNICIPIO, NOMBRE_MUNICIPIO, ESTADO, DEPARTAMENTO_ID) values(1090,'Zapayán (PUNTA DE PIEDRAS)',1,47);
INSERT INTO MUNICIPIOS (ID_MUNICIPIO, NOMBRE_MUNICIPIO, ESTADO, DEPARTAMENTO_ID) values(1091,'Zaragoza',1,5);
INSERT INTO MUNICIPIOS (ID_MUNICIPIO, NOMBRE_MUNICIPIO, ESTADO, DEPARTAMENTO_ID) values(1092,'Zarzal',1,76);
INSERT INTO MUNICIPIOS (ID_MUNICIPIO, NOMBRE_MUNICIPIO, ESTADO, DEPARTAMENTO_ID) values(1093,'Zetaquirá',1,15);
INSERT INTO MUNICIPIOS (ID_MUNICIPIO, NOMBRE_MUNICIPIO, ESTADO, DEPARTAMENTO_ID) values(1094,'Zipacón',1,25);
INSERT INTO MUNICIPIOS (ID_MUNICIPIO, NOMBRE_MUNICIPIO, ESTADO, DEPARTAMENTO_ID) values(1095,'Zipaquirá',1,25);
INSERT INTO MUNICIPIOS (ID_MUNICIPIO, NOMBRE_MUNICIPIO, ESTADO, DEPARTAMENTO_ID) values(1096,'Zona Bananera (PRADO - SEVILLA)',1,47);
INSERT INTO MUNICIPIOS (ID_MUNICIPIO, NOMBRE_MUNICIPIO, ESTADO, DEPARTAMENTO_ID) values(1097,'Ábrego',1,54);
INSERT INTO MUNICIPIOS (ID_MUNICIPIO, NOMBRE_MUNICIPIO, ESTADO, DEPARTAMENTO_ID) values(1098,'Íquira',1,41);
INSERT INTO MUNICIPIOS (ID_MUNICIPIO, NOMBRE_MUNICIPIO, ESTADO, DEPARTAMENTO_ID) values(1099,'Úmbita',1,15);
INSERT INTO MUNICIPIOS (ID_MUNICIPIO, NOMBRE_MUNICIPIO, ESTADO, DEPARTAMENTO_ID) values(1100,'Útica',1,25);

insert into comerciantes (correo_electronico, nombre, departamento_id, id_municipio, fecha_registro, estado) 	values ('correo_electronico@gmail.com', 'comercianteEKOB ',11,5, '10/02/2001', 0);
insert into comerciantes (correo_electronico, nombre, departamento_id, id_municipio, fecha_registro, estado) 	values ('correo_electronico@gmail.com', 'comercianteQAQR ',88,1, '10/12/2001', 0);
insert into comerciantes (correo_electronico, nombre, departamento_id, id_municipio, fecha_registro, estado) 	values ('correo_electronico@gmail.com', 'comercianteIAWE ',11,1, '10/12/2011', 0);
insert into comerciantes (correo_electronico, nombre, departamento_id, id_municipio, fecha_registro, estado) 	values ('correo_electronico@gmail.com', 'comercianteOSVE ',97,5, '10/02/2011', 0);
insert into comerciantes (correo_electronico, nombre, departamento_id, id_municipio, fecha_registro, estado) 	values ('correo_electronico@gmail.com', 'comercianteSDTB ',63,5, '12/01/2002', 1);
insert into comerciantes (correo_electronico, nombre, departamento_id, id_municipio, fecha_registro, estado) 	values ('correo_electronico@gmail.com', 'comercianteBGLY ',66,5, '12/01/2002', 1);
insert into comerciantes (correo_electronico, nombre, departamento_id, id_municipio, fecha_registro, estado) 	values ('correo_electronico@gmail.com', 'comercianteWBPS ',68,8, '14/01/2002', 1);
insert into comerciantes (correo_electronico, nombre, departamento_id, id_municipio, fecha_registro, estado) 	values ('correo_electronico@gmail.com', 'comercianteKDSD ',70,9, '14/01/2002', 1);
insert into comerciantes (correo_electronico, nombre, departamento_id, id_municipio, fecha_registro, estado) 	values ('correo_electronico@gmail.com', 'comercianteVSWC ',76,5, '12/01/2002', 1);
insert into comerciantes (correo_electronico, nombre, departamento_id, id_municipio, fecha_registro, estado) 	values ('correo_electronico@gmail.com', 'comercianteEULQ ',73,10, '12/01/2002', 1);
insert into comerciantes (correo_electronico, nombre, departamento_id, id_municipio, fecha_registro, estado) 	values ('correo_electronico@gmail.com', 'comercianteHDNQ ',81,11, '12/01/2002', 1);
insert into comerciantes (correo_electronico, nombre, departamento_id, id_municipio, fecha_registro, estado) 	values ('correo_electronico@gmail.com', 'comercianteQXGV ',85,12, '12/01/2002', 1);
insert into comerciantes (correo_electronico, nombre, departamento_id, id_municipio, fecha_registro, estado) 	values ('correo_electronico@gmail.com', 'comercianteVXPI ',11,13, '12/01/2002', 1);
insert into comerciantes (correo_electronico, nombre, departamento_id, id_municipio, fecha_registro, estado) 	values ('correo_electronico@gmail.com', 'comercianteSYLR ',94,14, '12/01/2002', 1);
insert into comerciantes (correo_electronico, nombre, departamento_id, id_municipio, fecha_registro, estado) 	values ('correo_electronico@gmail.com', 'comercianteMURL ',68,15, '12/01/2002', 1);
insert into comerciantes (correo_electronico, nombre, departamento_id, id_municipio, fecha_registro, estado) 	values ('correo_electronico@gmail.com', 'comercianteDVEG ',85,16 '12/02/2004', 0);
insert into comerciantes (correo_electronico, nombre, departamento_id, id_municipio, fecha_registro, estado) 	values ('correo_electronico@gmail.com', 'comercianteCGVZ ',94,17 '12/02/2004', 0);
insert into comerciantes (correo_electronico, nombre, departamento_id, id_municipio, fecha_registro, estado) 	values ('correo_electronico@gmail.com', 'comercianteKXLK ',81,18 '12/02/2004', 0);
insert into comerciantes (correo_electronico, nombre, departamento_id, id_municipio, fecha_registro, estado) 	values ('correo_electronico@gmail.com', 'comercianteETHL ',68,19 '12/02/2004', 0);
insert into comerciantes (correo_electronico, nombre, departamento_id, id_municipio, fecha_registro, estado) 	values ('correo_electronico@gmail.com', 'comercianteEIYF ',11,20 '12/02/2004', 0);
insert into comerciantes (correo_electronico, nombre, departamento_id, id_municipio, fecha_registro, estado) 	values ('correo_electronico@gmail.com', 'comercianteJQBQ ',11,21 '12/02/2004', 0);
insert into comerciantes (correo_electronico, nombre, departamento_id, id_municipio, fecha_registro, estado) 	values ('correo_electronico@gmail.com', 'comercianteNGSO ',11,23 '12/02/2004', 0);
insert into comerciantes (correo_electronico, nombre, departamento_id, id_municipio, fecha_registro, estado) 	values ('correo_electronico@gmail.com', 'comercianteRCWL ',68,22 '12/02/2004', 0);
insert into comerciantes (correo_electronico, nombre, departamento_id, id_municipio, fecha_registro, estado) 	values ('correo_electronico@gmail.com', 'comercianteKBFD ',70,24 '12/02/2004', 0);
insert into comerciantes (correo_electronico, nombre, departamento_id, id_municipio, fecha_registro, estado) 	values ('correo_electronico@gmail.com', 'comercianteUPXG ',11,25 '12/02/2004', 0);
insert into comerciantes (correo_electronico, nombre, departamento_id, id_municipio, fecha_registro, estado) 	values ('correo_electronico@gmail.com', 'comercianteSIWY ',94,26 '12/02/2004', 0);
insert into comerciantes (correo_electronico, nombre, departamento_id, id_municipio, fecha_registro, estado) 	values ('correo_electronico@gmail.com', 'comercianteEKOB ',11,5, '10/02/2001', 0);
insert into comerciantes (correo_electronico, nombre, departamento_id, id_municipio, fecha_registro, estado) 	values ('correo_electronico@gmail.com', 'comercianteQAQX ',88,1, '10/12/2001', 0);
insert into comerciantes (correo_electronico, nombre, departamento_id, id_municipio, fecha_registro, estado) 	values ('correo_electronico@gmail.com', 'comercianteIAWW ',11,1, '10/12/2011', 0);
insert into comerciantes (correo_electronico, nombre, departamento_id, id_municipio, fecha_registro, estado) 	values ('correo_electronico@gmail.com', 'comercianteOSVV ',97,10, '10/02/2011', 0);
insert into comerciantes (correo_electronico, nombre, departamento_id, id_municipio, fecha_registro, estado) 	values ('correo_electronico@gmail.com', 'comercianteSDTT ',63,15, '12/01/2002', 1);

insert into establecimientos(nombre_establecimiento, ingresos, nro_empleados, fk_id_com) values('establecimiento1',8000000,6,1);
insert into establecimientos(nombre_establecimiento, ingresos, nro_empleados, fk_id_com) values('establecimiento11',7000000,10,14);
insert into establecimientos(nombre_establecimiento, ingresos, nro_empleados, fk_id_com) values('establecimiento21',5000000,10,1);
insert into establecimientos(nombre_establecimiento, ingresos, nro_empleados, fk_id_com) values('establecimiento31',500000,122,14);
insert into establecimientos(nombre_establecimiento, ingresos, nro_empleados, fk_id_com) values('establecimiento51',10000000,1000,4);
insert into establecimientos(nombre_establecimiento, ingresos, nro_empleados, fk_id_com) values('establecimiento41',500000,6,14);
insert into establecimientos(nombre_establecimiento, ingresos, nro_empleados, fk_id_com) values('establecimiento71',5500000,2,14);
insert into establecimientos(nombre_establecimiento, ingresos, nro_empleados, fk_id_com) values('establecimiento91',4800000,50,4);
insert into establecimientos(nombre_establecimiento, ingresos, nro_empleados, fk_id_com) values('establecimiento42',7000500,6,14);
insert into establecimientos(nombre_establecimiento, ingresos, nro_empleados, fk_id_com) values('establecimiento111',4522200,70,10);
insert into establecimientos(nombre_establecimiento, ingresos, nro_empleados, fk_id_com) values('establecimiento121',45000000,90,10);


*/
